  0.0000e+00,  1.6726e-21,  0.0000e+00,  0.0000e+00
  1.0000e-09,  1.6685e-21, -1.5213e-22,  3.2044e-24
  2.0000e-09,  1.6499e-21, -3.0317e-22,  6.4087e-24
  3.0000e-09,  1.6169e-21, -4.5173e-22,  9.6131e-24
  4.0000e-09,  1.5699e-21, -5.9646e-22,  1.2817e-23
  5.0000e-09,  1.5093e-21, -7.3603e-22,  1.6022e-23
  6.0000e-09,  1.4355e-21, -8.6916e-22,  1.9226e-23
  7.0000e-09,  1.3494e-21, -9.9463e-22,  2.2430e-23
  8.0000e-09,  1.2517e-21, -1.1113e-21,  2.5635e-23
  9.0000e-09,  1.1432e-21, -1.2181e-21,  2.8839e-23
  1.0000e-08,  1.0251e-21, -1.3140e-21,  3.2044e-23
  1.1000e-08,  8.9828e-22, -1.3981e-21,  3.5248e-23
  1.2000e-08,  7.6402e-22, -1.4698e-21,  3.8452e-23
  1.3000e-08,  6.2353e-22, -1.5283e-21,  4.1657e-23
  1.4000e-08,  4.7809e-22, -1.5731e-21,  4.4861e-23
  1.5000e-08,  3.2903e-22, -1.6037e-21,  4.8065e-23
  1.6000e-08,  1.7772e-22, -1.6200e-21,  5.1270e-23
  1.7000e-08,  2.5546e-23, -1.6217e-21,  5.4474e-23
  1.8000e-08, -1.2609e-22, -1.6089e-21,  5.7678e-23
  1.9000e-08, -2.7581e-22, -1.5816e-21,  6.0883e-23
  2.0000e-08, -4.2223e-22, -1.5401e-21,  6.4087e-23
  2.1000e-08, -5.6402e-22, -1.4849e-21,  6.7291e-23
  2.2000e-08, -6.9986e-22, -1.4163e-21,  7.0496e-23
  2.3000e-08, -8.2852e-22, -1.3350e-21,  7.3700e-23
  2.4000e-08, -9.4882e-22, -1.2418e-21,  7.6904e-23
  2.5000e-08, -1.0597e-21, -1.1375e-21,  8.0109e-23
  2.6000e-08, -1.1600e-21, -1.0231e-21,  8.3313e-23
  2.7000e-08, -1.2490e-21, -8.9960e-22,  8.6518e-23
  2.8000e-08, -1.3257e-21, -7.6818e-22,  8.9722e-23
  2.9000e-08, -1.3895e-21, -6.3002e-22,  9.2926e-23
  3.0000e-08, -1.4398e-21, -4.8640e-22,  9.6131e-23
  3.1000e-08, -1.4761e-21, -3.3862e-22,  9.9335e-23
  3.2000e-08, -1.4982e-21, -1.8804e-22,  1.0254e-22
  3.3000e-08, -1.5057e-21, -3.6042e-23,  1.0574e-22
  3.4000e-08, -1.4987e-21,  1.1598e-22,  1.0895e-22
  3.5000e-08, -1.4771e-21,  2.6663e-22,  1.1215e-22
  3.6000e-08, -1.4413e-21,  4.1452e-22,  1.1536e-22
  3.7000e-08, -1.3914e-21,  5.5832e-22,  1.1856e-22
  3.8000e-08, -1.3281e-21,  6.9668e-22,  1.2177e-22
  3.9000e-08, -1.2518e-21,  8.2835e-22,  1.2497e-22
  4.0000e-08, -1.1632e-21,  9.5212e-22,  1.2817e-22
  4.1000e-08, -1.0632e-21,  1.0669e-21,  1.3138e-22
  4.2000e-08, -9.5276e-22,  1.1715e-21,  1.3458e-22
  4.3000e-08, -8.3276e-22,  1.2651e-21,  1.3779e-22
  4.4000e-08, -7.0436e-22,  1.3468e-21,  1.4099e-22
  4.5000e-08, -5.6874e-22,  1.4158e-21,  1.4420e-22
  4.6000e-08, -4.2714e-22,  1.4716e-21,  1.4740e-22
  4.7000e-08, -2.8085e-22,  1.5135e-21,  1.5060e-22
  4.8000e-08, -1.3123e-22,  1.5413e-21,  1.5381e-22
  4.9000e-08,  2.0371e-23,  1.5546e-21,  1.5701e-22
  5.0000e-08,  1.7255e-22,  1.5534e-21,  1.6022e-22
  5.1000e-08,  3.2391e-22,  1.5376e-21,  1.6342e-22
  5.2000e-08,  4.7307e-22,  1.5074e-21,  1.6663e-22
  5.3000e-08,  6.1866e-22,  1.4631e-21,  1.6983e-22
  5.4000e-08,  7.5934e-22,  1.4051e-21,  1.7304e-22
  5.5000e-08,  8.9383e-22,  1.3339e-21,  1.7624e-22
  5.6000e-08,  1.0209e-21,  1.2501e-21,  1.7944e-22
  5.7000e-08,  1.1394e-21,  1.1546e-21,  1.8265e-22
  5.8000e-08,  1.2481e-21,  1.0482e-21,  1.8585e-22
  5.9000e-08,  1.3463e-21,  9.3184e-22,  1.8906e-22
  6.0000e-08,  1.4328e-21,  8.0666e-22,  1.9226e-22
  6.1000e-08,  1.5070e-21,  6.7377e-22,  1.9547e-22
  6.2000e-08,  1.5681e-21,  5.3440e-22,  1.9867e-22
  6.3000e-08,  1.6156e-21,  3.8982e-22,  2.0187e-22
  6.4000e-08,  1.6490e-21,  2.4136e-22,  2.0508e-22
  6.5000e-08,  1.6681e-21,  9.0387e-23,  2.0828e-22
  6.6000e-08,  1.6727e-21, -6.1726e-23,  2.1149e-22
  6.7000e-08,  1.6627e-21, -2.1358e-22,  2.1469e-22
  6.8000e-08,  1.6383e-21, -3.6378e-22,  2.1790e-22
  6.9000e-08,  1.5995e-21, -5.1096e-22,  2.2110e-22
  7.0000e-08,  1.5469e-21, -6.5375e-22,  2.2430e-22
  7.1000e-08,  1.4809e-21, -7.9086e-22,  2.2751e-22
  7.2000e-08,  1.4020e-21, -9.2103e-22,  2.3071e-22
  7.3000e-08,  1.3111e-21, -1.0431e-21,  2.3392e-22
  7.4000e-08,  1.2089e-21, -1.1558e-21,  2.3712e-22
  7.5000e-08,  1.0964e-21, -1.2583e-21,  2.4033e-22
  7.6000e-08,  9.7463e-22, -1.3496e-21,  2.4353e-22
  7.7000e-08,  8.4467e-22, -1.4287e-21,  2.4674e-22
  7.8000e-08,  7.0774e-22, -1.4951e-21,  2.4994e-22
  7.9000e-08,  5.6508e-22, -1.5481e-21,  2.5314e-22
  8.0000e-08,  4.1801e-22, -1.5872e-21,  2.5635e-22
  8.1000e-08,  2.6787e-22, -1.6121e-21,  2.5955e-22
  8.2000e-08,  1.1604e-22, -1.6225e-21,  2.6276e-22
  8.3000e-08, -3.6084e-23, -1.6183e-21,  2.6596e-22
  8.4000e-08, -1.8711e-22, -1.5996e-21,  2.6917e-22
  8.5000e-08, -3.3566e-22, -1.5665e-21,  2.7237e-22
  8.6000e-08, -4.8036e-22, -1.5194e-21,  2.7557e-22
  8.7000e-08, -6.1989e-22, -1.4586e-21,  2.7878e-22
  8.8000e-08, -7.5297e-22, -1.3848e-21,  2.8198e-22
  8.9000e-08, -8.7837e-22, -1.2986e-21,  2.8519e-22
  9.0000e-08, -9.9496e-22, -1.2008e-21,  2.8839e-22
  9.1000e-08, -1.1017e-21, -1.0923e-21,  2.9160e-22
  9.2000e-08, -1.1975e-21, -9.7405e-22,  2.9480e-22
  9.3000e-08, -1.2816e-21, -8.4721e-22,  2.9800e-22
  9.4000e-08, -1.3532e-21, -7.1290e-22,  3.0121e-22
  9.5000e-08, -1.4116e-21, -5.7237e-22,  3.0441e-22
  9.6000e-08, -1.4562e-21, -4.2690e-22,  3.0762e-22
  9.7000e-08, -1.4868e-21, -2.7782e-22,  3.1082e-22
  9.8000e-08, -1.5030e-21, -1.2650e-22,  3.1403e-22
  9.9000e-08, -1.5046e-21,  2.5675e-23,  3.1723e-22
  1.0000e-07, -1.4917e-21,  1.7731e-22,  3.2044e-22
  1.0100e-07, -1.4643e-21,  3.2700e-22,  3.2364e-22
  1.0200e-07, -1.4227e-21,  4.7340e-22,  3.2684e-22
  1.0300e-07, -1.3673e-21,  6.1515e-22,  3.3005e-22
  1.0400e-07, -1.2987e-21,  7.5095e-22,  3.3325e-22
  1.0500e-07, -1.2173e-21,  8.7956e-22,  3.3646e-22
  1.0600e-07, -1.1240e-21,  9.9979e-22,  3.3966e-22
  1.0700e-07, -1.0197e-21,  1.1106e-21,  3.4287e-22
  1.0800e-07, -9.0518e-22,  1.2108e-21,  3.4607e-22
  1.0900e-07, -7.8165e-22,  1.2997e-21,  3.4927e-22
  1.1000e-07, -6.5017e-22,  1.3763e-21,  3.5248e-22
  1.1100e-07, -5.1197e-22,  1.4401e-21,  3.5568e-22
  1.1200e-07, -3.6831e-22,  1.4903e-21,  3.5889e-22
  1.1300e-07, -2.2051e-22,  1.5265e-21,  3.6209e-22
  1.1400e-07, -6.9916e-23,  1.5485e-21,  3.6530e-22
  1.1500e-07,  8.2084e-23,  1.5559e-21,  3.6850e-22
  1.1600e-07,  2.3410e-22,  1.5488e-21,  3.7170e-22
  1.1700e-07,  3.8473e-22,  1.5271e-21,  3.7491e-22
  1.1800e-07,  5.3261e-22,  1.4912e-21,  3.7811e-22
  1.1900e-07,  6.7637e-22,  1.4412e-21,  3.8132e-22
  1.2000e-07,  8.1469e-22,  1.3778e-21,  3.8452e-22
  1.2100e-07,  9.4631e-22,  1.3014e-21,  3.8773e-22
  1.2200e-07,  1.0700e-21,  1.2128e-21,  3.9093e-22
  1.2300e-07,  1.1847e-21,  1.1127e-21,  3.9414e-22
  1.2400e-07,  1.2893e-21,  1.0021e-21,  3.9734e-22
  1.2500e-07,  1.3828e-21,  8.8209e-22,  4.0054e-22
  1.2600e-07,  1.4644e-21,  7.5364e-22,  4.0375e-22
  1.2700e-07,  1.5333e-21,  6.1797e-22,  4.0695e-22
  1.2800e-07,  1.5890e-21,  4.7633e-22,  4.1016e-22
  1.2900e-07,  1.6309e-21,  3.3002e-22,  4.1336e-22
  1.3000e-07,  1.6585e-21,  1.8037e-22,  4.1657e-22
  1.3100e-07,  1.6718e-21,  2.8766e-23,  4.1977e-22
  1.3200e-07,  1.6704e-21, -1.2341e-22,  4.2297e-22
  1.3300e-07,  1.6545e-21, -2.7476e-22,  4.2618e-22
  1.3400e-07,  1.6243e-21, -4.2390e-22,  4.2938e-22
  1.3500e-07,  1.5799e-21, -5.6946e-22,  4.3259e-22
  1.3600e-07,  1.5217e-21, -7.1011e-22,  4.3579e-22
  1.3700e-07,  1.4504e-21, -8.4455e-22,  4.3900e-22
  1.3800e-07,  1.3666e-21, -9.7155e-22,  4.4220e-22
  1.3900e-07,  1.2710e-21, -1.0900e-21,  4.4541e-22
  1.4000e-07,  1.1645e-21, -1.1987e-21,  4.4861e-22
  1.4100e-07,  1.0481e-21, -1.2967e-21,  4.5181e-22
  1.4200e-07,  9.2286e-22, -1.3832e-21,  4.5502e-22
  1.4300e-07,  7.8992e-22, -1.4572e-21,  4.5822e-22
  1.4400e-07,  6.5051e-22, -1.5183e-21,  4.6143e-22
  1.4500e-07,  5.0590e-22, -1.5657e-21,  4.6463e-22
  1.4600e-07,  3.5742e-22, -1.5990e-21,  4.6784e-22
  1.4700e-07,  2.0643e-22, -1.6180e-21,  4.7104e-22
  1.4800e-07,  5.4314e-23, -1.6225e-21,  4.7424e-22
  1.4900e-07, -9.7533e-23, -1.6124e-21,  4.7745e-22
  1.5000e-07, -2.4772e-22, -1.5879e-21,  4.8065e-22
  1.5100e-07, -3.9487e-22, -1.5491e-21,  4.8386e-22
  1.5200e-07, -5.3763e-22, -1.4963e-21,  4.8706e-22
  1.5300e-07, -6.7469e-22, -1.4302e-21,  4.9027e-22
  1.5400e-07, -8.0481e-22, -1.3513e-21,  4.9347e-22
  1.5500e-07, -9.2677e-22, -1.2603e-21,  4.9667e-22
  1.5600e-07, -1.0395e-21, -1.1580e-21,  4.9988e-22
  1.5700e-07, -1.1419e-21, -1.0454e-21,  5.0308e-22
  1.5800e-07, -1.2331e-21, -9.2359e-22,  5.0629e-22
  1.5900e-07, -1.3122e-21, -7.9358e-22,  5.0949e-22
  1.6000e-07, -1.3785e-21, -6.5660e-22,  5.1270e-22
  1.6100e-07, -1.4314e-21, -5.1391e-22,  5.1590e-22
  1.6200e-07, -1.4704e-21, -3.6681e-22,  5.1911e-22
  1.6300e-07, -1.4951e-21, -2.1665e-22,  5.2231e-22
  1.6400e-07, -1.5054e-21, -6.4820e-23,  5.2551e-22
  1.6500e-07, -1.5011e-21,  8.7302e-23,  5.2872e-22
  1.6600e-07, -1.4823e-21,  2.3832e-22,  5.3192e-22
  1.6700e-07, -1.4491e-21,  3.8684e-22,  5.3513e-22
  1.6800e-07, -1.4019e-21,  5.3151e-22,  5.3833e-22
  1.6900e-07, -1.3411e-21,  6.7100e-22,  5.4154e-22
  1.7000e-07, -1.2672e-21,  8.0403e-22,  5.4474e-22
  1.7100e-07, -1.1809e-21,  9.2938e-22,  5.4794e-22
  1.7200e-07, -1.0830e-21,  1.0459e-21,  5.5115e-22
  1.7300e-07, -9.7440e-22,  1.1525e-21,  5.5435e-22
  1.7400e-07, -8.5612e-22,  1.2483e-21,  5.5756e-22
  1.7500e-07, -7.2923e-22,  1.3323e-21,  5.6076e-22
  1.7600e-07, -5.9488e-22,  1.4038e-21,  5.6397e-22
  1.7700e-07, -4.5431e-22,  1.4621e-21,  5.6717e-22
  1.7800e-07, -3.0881e-22,  1.5067e-21,  5.7037e-22
  1.7900e-07, -1.5971e-22,  1.5372e-21,  5.7358e-22
  1.8000e-07, -8.3743e-24,  1.5532e-21,  5.7678e-22
  1.8100e-07,  1.4380e-22,  1.5547e-21,  5.7999e-22
  1.8200e-07,  2.9542e-22,  1.5417e-21,  5.8319e-22
  1.8300e-07,  4.4510e-22,  1.5142e-21,  5.8640e-22
  1.8400e-07,  5.9147e-22,  1.4726e-21,  5.8960e-22
  1.8500e-07,  7.3318e-22,  1.4171e-21,  5.9281e-22
  1.8600e-07,  8.6894e-22,  1.3483e-21,  5.9601e-22
  1.8700e-07,  9.9749e-22,  1.2669e-21,  5.9921e-22
  1.8800e-07,  1.1177e-21,  1.1735e-21,  6.0242e-22
  1.8900e-07,  1.2284e-21,  1.0691e-21,  6.0562e-22
  1.9000e-07,  1.3286e-21,  9.5455e-22,  6.0883e-22
  1.9100e-07,  1.4174e-21,  8.3095e-22,  6.1203e-22
  1.9200e-07,  1.4939e-21,  6.9943e-22,  6.1524e-22
  1.9300e-07,  1.5575e-21,  5.6119e-22,  6.1844e-22
  1.9400e-07,  1.6077e-21,  4.1749e-22,  6.2164e-22
  1.9500e-07,  1.6438e-21,  2.6966e-22,  6.2485e-22
  1.9600e-07,  1.6656e-21,  1.1906e-22,  6.2805e-22
  1.9700e-07,  1.6730e-21, -3.2948e-23,  6.3126e-22
  1.9800e-07,  1.6657e-21, -1.8496e-22,  6.3446e-22
  1.9900e-07,  1.6440e-21, -3.3558e-22,  6.3767e-22
  2.0000e-07,  1.6079e-21, -4.8343e-22,  6.4087e-22
  2.0100e-07,  1.5579e-21, -6.2715e-22,  6.4408e-22
  2.0200e-07,  1.4944e-21, -7.6544e-22,  6.4728e-22
  2.0300e-07,  1.4179e-21, -8.9701e-22,  6.5048e-22
  2.0400e-07,  1.3292e-21, -1.0207e-21,  6.5369e-22
  2.0500e-07,  1.2291e-21, -1.1353e-21,  6.5689e-22
  2.0600e-07,  1.1184e-21, -1.2398e-21,  6.6010e-22
  2.0700e-07,  9.9832e-22, -1.3332e-21,  6.6330e-22
  2.0800e-07,  8.6981e-22, -1.4147e-21,  6.6651e-22
  2.0900e-07,  7.3410e-22, -1.4836e-21,  6.6971e-22
  2.1000e-07,  5.9243e-22, -1.5392e-21,  6.7291e-22
  2.1100e-07,  4.4609e-22, -1.5809e-21,  6.7612e-22
  2.1200e-07,  2.9642e-22, -1.6085e-21,  6.7932e-22
  2.1300e-07,  1.4481e-22, -1.6216e-21,  6.8253e-22
  2.1400e-07, -7.3677e-24, -1.6202e-21,  6.8573e-22
  2.1500e-07, -1.5871e-22, -1.6042e-21,  6.8894e-22
  2.1600e-07, -3.0783e-22, -1.5738e-21,  6.9214e-22
  2.1700e-07, -4.5336e-22, -1.5293e-21,  6.9534e-22
  2.1800e-07, -5.9396e-22, -1.4711e-21,  6.9855e-22
  2.1900e-07, -7.2836e-22, -1.3997e-21,  7.0175e-22
  2.2000e-07, -8.5531e-22, -1.3158e-21,  7.0496e-22
  2.2100e-07, -9.7365e-22, -1.2201e-21,  7.0816e-22
  2.2200e-07, -1.0823e-21, -1.1136e-21,  7.1137e-22
  2.2300e-07, -1.1803e-21, -9.9709e-22,  7.1457e-22
  2.2400e-07, -1.2666e-21, -8.7179e-22,  7.1778e-22
  2.2500e-07, -1.3406e-21, -7.3881e-22,  7.2098e-22
  2.2600e-07, -1.4015e-21, -5.9936e-22,  7.2418e-22
  2.2700e-07, -1.4489e-21, -4.5472e-22,  7.2739e-22
  2.2800e-07, -1.4821e-21, -3.0621e-22,  7.3059e-22
  2.2900e-07, -1.5010e-21, -1.5521e-22,  7.3380e-22
  2.3000e-07, -1.5054e-21, -3.0932e-24,  7.3700e-22
  2.3100e-07, -1.4952e-21,  1.4875e-22,  7.4021e-22
  2.3200e-07, -1.4706e-21,  2.9892e-22,  7.4341e-22
  2.3300e-07, -1.4317e-21,  4.4604e-22,  7.4661e-22
  2.3400e-07, -1.3788e-21,  5.8877e-22,  7.4982e-22
  2.3500e-07, -1.3126e-21,  7.2579e-22,  7.5302e-22
  2.3600e-07, -1.2336e-21,  8.5585e-22,  7.5623e-22
  2.3700e-07, -1.1425e-21,  9.7776e-22,  7.5943e-22
  2.3800e-07, -1.0402e-21,  1.0904e-21,  7.6264e-22
  2.3900e-07, -9.2755e-22,  1.1927e-21,  7.6584e-22
  2.4000e-07, -8.0564e-22,  1.2838e-21,  7.6904e-22
  2.4100e-07, -6.7558e-22,  1.3628e-21,  7.7225e-22
  2.4200e-07, -5.3856e-22,  1.4290e-21,  7.7545e-22
  2.4300e-07, -3.9583e-22,  1.4818e-21,  7.7866e-22
  2.4400e-07, -2.4871e-22,  1.5208e-21,  7.8186e-22
  2.4500e-07, -9.8534e-23,  1.5454e-21,  7.8507e-22
  2.4600e-07,  5.3306e-23,  1.5556e-21,  7.8827e-22
  2.4700e-07,  2.0543e-22,  1.5512e-21,  7.9148e-22
  2.4800e-07,  3.5643e-22,  1.5323e-21,  7.9468e-22
  2.4900e-07,  5.0493e-22,  1.4990e-21,  7.9788e-22
  2.5000e-07,  6.4957e-22,  1.4517e-21,  8.0109e-22
  2.5100e-07,  7.8902e-22,  1.3908e-21,  8.0429e-22
  2.5200e-07,  9.2200e-22,  1.3168e-21,  8.0750e-22
  2.5300e-07,  1.0473e-21,  1.2304e-21,  8.1070e-22
  2.5400e-07,  1.1638e-21,  1.1325e-21,  8.1391e-22
  2.5500e-07,  1.2703e-21,  1.0238e-21,  8.1711e-22
  2.5600e-07,  1.3660e-21,  9.0546e-22,  8.2031e-22
  2.5700e-07,  1.4499e-21,  7.7851e-22,  8.2352e-22
  2.5800e-07,  1.5213e-21,  6.4411e-22,  8.2672e-22
  2.5900e-07,  1.5795e-21,  5.0350e-22,  8.2993e-22
  2.6000e-07,  1.6240e-21,  3.5797e-22,  8.3313e-22
  2.6100e-07,  1.6544e-21,  2.0885e-22,  8.3634e-22
  2.6200e-07,  1.6704e-21,  5.7512e-23,  8.3954e-22
  2.6300e-07,  1.6718e-21, -9.4663e-23,  8.4274e-22
  2.6400e-07,  1.6587e-21, -2.4628e-22,  8.4595e-22
  2.6500e-07,  1.6311e-21, -3.9594e-22,  8.4915e-22
  2.6600e-07,  1.5893e-21, -5.4228e-22,  8.5236e-22
  2.6700e-07,  1.5338e-21, -6.8395e-22,  8.5556e-22
  2.6800e-07,  1.4649e-21, -8.1966e-22,  8.5877e-22
  2.6900e-07,  1.3834e-21, -9.4817e-22,  8.6197e-22
  2.7000e-07,  1.2899e-21, -1.0683e-21,  8.6518e-22
  2.7100e-07,  1.1854e-21, -1.1789e-21,  8.6838e-22
  2.7200e-07,  1.0708e-21, -1.2790e-21,  8.7158e-22
  2.7300e-07,  9.4716e-22, -1.3677e-21,  8.7479e-22
  2.7400e-07,  8.1558e-22, -1.4442e-21,  8.7799e-22
  2.7500e-07,  6.7730e-22, -1.5078e-21,  8.8120e-22
  2.7600e-07,  5.3358e-22, -1.5578e-21,  8.8440e-22
  2.7700e-07,  3.8572e-22, -1.5938e-21,  8.8761e-22
  2.7800e-07,  2.3510e-22, -1.6156e-21,  8.9081e-22
  2.7900e-07,  8.3092e-23, -1.6228e-21,  8.9401e-22
  2.8000e-07, -6.8913e-23, -1.6155e-21,  8.9722e-22
  2.8100e-07, -2.1952e-22, -1.5936e-21,  9.0042e-22
  2.8200e-07, -3.6735e-22, -1.5575e-21,  9.0363e-22
  2.8300e-07, -5.1104e-22, -1.5073e-21,  9.0683e-22
  2.8400e-07, -6.4928e-22, -1.4437e-21,  9.1004e-22
  2.8500e-07, -7.8080e-22, -1.3672e-21,  9.1324e-22
  2.8600e-07, -9.0439e-22, -1.2784e-21,  9.1645e-22
  2.8700e-07, -1.0189e-21, -1.1782e-21,  9.1965e-22
  2.8800e-07, -1.1234e-21, -1.0675e-21,  9.2285e-22
  2.8900e-07, -1.2167e-21, -9.4728e-22,  9.2606e-22
  2.9000e-07, -1.2982e-21, -8.1873e-22,  9.2926e-22
  2.9100e-07, -1.3669e-21, -6.8297e-22,  9.3247e-22
  2.9200e-07, -1.4224e-21, -5.4126e-22,  9.3567e-22
  2.9300e-07, -1.4641e-21, -3.9489e-22,  9.3888e-22
  2.9400e-07, -1.4915e-21, -2.4521e-22,  9.4208e-22
  2.9500e-07, -1.5046e-21, -9.3587e-23,  9.4528e-22
  2.9600e-07, -1.5030e-21,  5.8587e-23,  9.4849e-22
  2.9700e-07, -1.4870e-21,  2.0992e-22,  9.5169e-22
  2.9800e-07, -1.4565e-21,  3.5902e-22,  9.5490e-22
  2.9900e-07, -1.4119e-21,  5.0452e-22,  9.5810e-22
  3.0000e-07, -1.3536e-21,  6.4509e-22,  9.6131e-22
  3.0100e-07, -1.2821e-21,  7.7943e-22,  9.6451e-22
  3.0200e-07, -1.1981e-21,  9.0633e-22,  9.6771e-22
  3.0300e-07, -1.1023e-21,  1.0246e-21,  9.7092e-22
  3.0400e-07, -9.9570e-22,  1.1332e-21,  9.7412e-22
  3.0500e-07, -8.7918e-22,  1.2311e-21,  9.7733e-22
  3.0600e-07, -7.5382e-22,  1.3174e-21,  9.8053e-22
  3.0700e-07, -6.2079e-22,  1.3913e-21,  9.8374e-22
  3.0800e-07, -4.8130e-22,  1.4521e-21,  9.8694e-22
  3.0900e-07, -3.3663e-22,  1.4993e-21,  9.9015e-22
  3.1000e-07, -1.8810e-22,  1.5325e-21,  9.9335e-22
  3.1100e-07, -3.7089e-23,  1.5513e-21,  9.9655e-22
  3.1200e-07,  1.1503e-22,  1.5556e-21,  9.9976e-22
  3.1300e-07,  2.6687e-22,  1.5453e-21,  1.0030e-21
  3.1400e-07,  4.1702e-22,  1.5205e-21,  1.0062e-21
  3.1500e-07,  5.6412e-22,  1.4815e-21,  1.0094e-21
  3.1600e-07,  7.0681e-22,  1.4286e-21,  1.0126e-21
  3.1700e-07,  8.4379e-22,  1.3623e-21,  1.0158e-21
  3.1800e-07,  9.7380e-22,  1.2832e-21,  1.0190e-21
  3.1900e-07,  1.0956e-21,  1.1920e-21,  1.0222e-21
  3.2000e-07,  1.2082e-21,  1.0896e-21,  1.0254e-21
  3.2100e-07,  1.3105e-21,  9.7693e-22,  1.0286e-21
  3.2200e-07,  1.4015e-21,  8.5496e-22,  1.0318e-21
  3.2300e-07,  1.4804e-21,  7.2484e-22,  1.0350e-21
  3.2400e-07,  1.5465e-21,  5.8778e-22,  1.0382e-21
  3.2500e-07,  1.5992e-21,  4.4501e-22,  1.0414e-21
  3.2600e-07,  1.6381e-21,  2.9786e-22,  1.0446e-21
  3.2700e-07,  1.6626e-21,  1.4768e-22,  1.0478e-21
  3.2800e-07,  1.6727e-21, -4.1704e-24,  1.0510e-21
  3.2900e-07,  1.6682e-21, -1.5629e-22,  1.0542e-21
  3.3000e-07,  1.6492e-21, -3.0728e-22,  1.0574e-21
  3.3100e-07,  1.6158e-21, -4.5576e-22,  1.0606e-21
  3.3200e-07,  1.5684e-21, -6.0036e-22,  1.0638e-21
  3.3300e-07,  1.5074e-21, -7.3977e-22,  1.0670e-21
  3.3400e-07,  1.4333e-21, -8.7271e-22,  1.0703e-21
  3.3500e-07,  1.3469e-21, -9.9795e-22,  1.0735e-21
  3.3600e-07,  1.2488e-21, -1.1143e-21,  1.0767e-21
  3.3700e-07,  1.1401e-21, -1.2208e-21,  1.0799e-21
  3.3800e-07,  1.0217e-21, -1.3164e-21,  1.0831e-21
  3.3900e-07,  8.9469e-22, -1.4003e-21,  1.0863e-21
  3.4000e-07,  7.6025e-22, -1.4716e-21,  1.0895e-21
  3.4100e-07,  6.1961e-22, -1.5297e-21,  1.0927e-21
  3.4200e-07,  4.7405e-22, -1.5741e-21,  1.0959e-21
  3.4300e-07,  3.2491e-22, -1.6044e-21,  1.0991e-21
  3.4400e-07,  1.7355e-22, -1.6202e-21,  1.1023e-21
  3.4500e-07,  2.1378e-23, -1.6216e-21,  1.1055e-21
  3.4600e-07, -1.3023e-22, -1.6083e-21,  1.1087e-21
  3.4700e-07, -2.7987e-22, -1.5807e-21,  1.1119e-21
  3.4800e-07, -4.2618e-22, -1.5388e-21,  1.1151e-21
  3.4900e-07, -5.6782e-22, -1.4831e-21,  1.1183e-21
  3.5000e-07, -7.0349e-22, -1.4142e-21,  1.1215e-21
  3.5100e-07, -8.3193e-22, -1.3326e-21,  1.1247e-21
  3.5200e-07, -9.5199e-22, -1.2391e-21,  1.1279e-21
  3.5300e-07, -1.0625e-21, -1.1345e-21,  1.1311e-21
  3.5400e-07, -1.1626e-21, -1.0198e-21,  1.1343e-21
  3.5500e-07, -1.2512e-21, -8.9610e-22,  1.1375e-21
  3.5600e-07, -1.3276e-21, -7.6448e-22,  1.1407e-21
  3.5700e-07, -1.3911e-21, -6.2615e-22,  1.1440e-21
  3.5800e-07, -1.4410e-21, -4.8240e-22,  1.1472e-21
  3.5900e-07, -1.4769e-21, -3.3452e-22,  1.1504e-21
  3.6000e-07, -1.4986e-21, -1.8389e-22,  1.1536e-21
  3.6100e-07, -1.5057e-21, -3.1871e-23,  1.1568e-21
  3.6200e-07, -1.4983e-21,  1.2013e-22,  1.1600e-21
  3.6300e-07, -1.4763e-21,  2.7072e-22,  1.1632e-21
  3.6400e-07, -1.4401e-21,  4.1852e-22,  1.1664e-21
  3.6500e-07, -1.3899e-21,  5.6218e-22,  1.1696e-21
  3.6600e-07, -1.3262e-21,  7.0038e-22,  1.1728e-21
  3.6700e-07, -1.2495e-21,  8.3185e-22,  1.1760e-21
  3.6800e-07, -1.1606e-21,  9.5539e-22,  1.1792e-21
  3.6900e-07, -1.0604e-21,  1.0699e-21,  1.1824e-21
  3.7000e-07, -9.4959e-22,  1.1742e-21,  1.1856e-21
  3.7100e-07, -8.2935e-22,  1.2675e-21,  1.1888e-21
  3.7200e-07, -7.0074e-22,  1.3489e-21,  1.1920e-21
  3.7300e-07, -5.6494e-22,  1.4175e-21,  1.1952e-21
  3.7400e-07, -4.2319e-22,  1.4729e-21,  1.1984e-21
  3.7500e-07, -2.7679e-22,  1.5145e-21,  1.2016e-21
  3.7600e-07, -1.2709e-22,  1.5419e-21,  1.2048e-21
  3.7700e-07,  2.4539e-23,  1.5548e-21,  1.2080e-21
  3.7800e-07,  1.7671e-22,  1.5532e-21,  1.2112e-21
  3.7900e-07,  3.2803e-22,  1.5370e-21,  1.2144e-21
  3.8000e-07,  4.7711e-22,  1.5064e-21,  1.2177e-21
  3.8100e-07,  6.2258e-22,  1.4617e-21,  1.2209e-21
  3.8200e-07,  7.6311e-22,  1.4033e-21,  1.2241e-21
  3.8300e-07,  8.9741e-22,  1.3317e-21,  1.2273e-21
  3.8400e-07,  1.0243e-21,  1.2477e-21,  1.2305e-21
  3.8500e-07,  1.1425e-21,  1.1518e-21,  1.2337e-21
  3.8600e-07,  1.2510e-21,  1.0451e-21,  1.2369e-21
  3.8700e-07,  1.3488e-21,  9.2852e-22,  1.2401e-21
  3.8800e-07,  1.4350e-21,  8.0311e-22,  1.2433e-21
  3.8900e-07,  1.5088e-21,  6.7003e-22,  1.2465e-21
  3.9000e-07,  1.5696e-21,  5.3050e-22,  1.2497e-21
  3.9100e-07,  1.6167e-21,  3.8580e-22,  1.2529e-21
  3.9200e-07,  1.6497e-21,  2.3725e-22,  1.2561e-21
  3.9300e-07,  1.6685e-21,  8.6228e-23,  1.2593e-21
  3.9400e-07,  1.6726e-21, -6.5897e-23,  1.2625e-21
  3.9500e-07,  1.6623e-21, -2.1772e-22,  1.2657e-21
  3.9600e-07,  1.6374e-21, -3.6786e-22,  1.2689e-21
  3.9700e-07,  1.5983e-21, -5.1493e-22,  1.2721e-21
  3.9800e-07,  1.5453e-21, -6.5759e-22,  1.2753e-21
  3.9900e-07,  1.4789e-21, -7.9452e-22,  1.2785e-21
  4.0000e-07,  1.3997e-21, -9.2448e-22,  1.2817e-21
  4.0100e-07,  1.3085e-21, -1.0463e-21,  1.2849e-21
  4.0200e-07,  1.2060e-21, -1.1588e-21,  1.2882e-21
  4.0300e-07,  1.0932e-21, -1.2610e-21,  1.2914e-21
  4.0400e-07,  9.7117e-22, -1.3519e-21,  1.2946e-21
  4.0500e-07,  8.4101e-22, -1.4307e-21,  1.2978e-21
  4.0600e-07,  7.0390e-22, -1.4968e-21,  1.3010e-21
  4.0700e-07,  5.6110e-22, -1.5494e-21,  1.3042e-21
  4.0800e-07,  4.1393e-22, -1.5881e-21,  1.3074e-21
  4.0900e-07,  2.6372e-22, -1.6126e-21,  1.3106e-21
  4.1000e-07,  1.1187e-22, -1.6225e-21,  1.3138e-21
  4.1100e-07, -4.0242e-23, -1.6180e-21,  1.3170e-21
  4.1200e-07, -1.9122e-22, -1.5988e-21,  1.3202e-21
  4.1300e-07, -3.3968e-22, -1.5654e-21,  1.3234e-21
  4.1400e-07, -4.8425e-22, -1.5179e-21,  1.3266e-21
  4.1500e-07, -6.2362e-22, -1.4568e-21,  1.3298e-21
  4.1600e-07, -7.5651e-22, -1.3826e-21,  1.3330e-21
  4.1700e-07, -8.8169e-22, -1.2961e-21,  1.3362e-21
  4.1800e-07, -9.9802e-22, -1.1979e-21,  1.3394e-21
  4.1900e-07, -1.1044e-21, -1.0891e-21,  1.3426e-21
  4.2000e-07, -1.2000e-21, -9.7068e-22,  1.3458e-21
  4.2100e-07, -1.2837e-21, -8.4362e-22,  1.3490e-21
  4.2200e-07, -1.3549e-21, -7.0913e-22,  1.3522e-21
  4.2300e-07, -1.4130e-21, -5.6844e-22,  1.3554e-21
  4.2400e-07, -1.4573e-21, -4.2286e-22,  1.3586e-21
  4.2500e-07, -1.4874e-21, -2.7370e-22,  1.3619e-21
  4.2600e-07, -1.5032e-21, -1.2233e-22,  1.3651e-21
  4.2700e-07, -1.5044e-21,  2.9843e-23,  1.3683e-21
  4.2800e-07, -1.4911e-21,  1.8144e-22,  1.3715e-21
  4.2900e-07, -1.4633e-21,  3.3107e-22,  1.3747e-21
  4.3000e-07, -1.4214e-21,  4.7735e-22,  1.3779e-21
  4.3100e-07, -1.3656e-21,  6.1895e-22,  1.3811e-21
  4.3200e-07, -1.2966e-21,  7.5457e-22,  1.3843e-21
  4.3300e-07, -1.2149e-21,  8.8297e-22,  1.3875e-21
  4.3400e-07, -1.1213e-21,  1.0030e-21,  1.3907e-21
  4.3500e-07, -1.0166e-21,  1.1134e-21,  1.3939e-21
  4.3600e-07, -9.0191e-22,  1.2134e-21,  1.3971e-21
  4.3700e-07, -7.7814e-22,  1.3020e-21,  1.4003e-21
  4.3800e-07, -6.4647e-22,  1.3783e-21,  1.4035e-21
  4.3900e-07, -5.0810e-22,  1.4416e-21,  1.4067e-21
  4.4000e-07, -3.6431e-22,  1.4915e-21,  1.4099e-21
  4.4100e-07, -2.1641e-22,  1.5273e-21,  1.4131e-21
  4.4200e-07, -6.5764e-23,  1.5488e-21,  1.4163e-21
  4.4300e-07,  8.6255e-23,  1.5559e-21,  1.4195e-21
  4.4400e-07,  2.3825e-22,  1.5483e-21,  1.4227e-21
  4.4500e-07,  3.8883e-22,  1.5263e-21,  1.4259e-21
  4.4600e-07,  5.3661e-22,  1.4900e-21,  1.4291e-21
  4.4700e-07,  6.8023e-22,  1.4397e-21,  1.4323e-21
  4.4800e-07,  8.1839e-22,  1.3758e-21,  1.4356e-21
  4.4900e-07,  9.4981e-22,  1.2991e-21,  1.4388e-21
  4.5000e-07,  1.0733e-21,  1.2102e-21,  1.4420e-21
  4.5100e-07,  1.1877e-21,  1.1098e-21,  1.4452e-21
  4.5200e-07,  1.2920e-21,  9.9897e-22,  1.4484e-21
  4.5300e-07,  1.3852e-21,  8.7867e-22,  1.4516e-21
  4.5400e-07,  1.4664e-21,  7.5001e-22,  1.4548e-21
  4.5500e-07,  1.5350e-21,  6.1416e-22,  1.4580e-21
  4.5600e-07,  1.5903e-21,  4.7238e-22,  1.4612e-21
  4.5700e-07,  1.6318e-21,  3.2595e-22,  1.4644e-21
  4.5800e-07,  1.6591e-21,  1.7624e-22,  1.4676e-21
  4.5900e-07,  1.6719e-21,  2.4598e-23,  1.4708e-21
  4.6000e-07,  1.6702e-21, -1.2757e-22,  1.4740e-21
  4.6100e-07,  1.6539e-21, -2.7888e-22,  1.4772e-21
  4.6200e-07,  1.6232e-21, -4.2794e-22,  1.4804e-21
  4.6300e-07,  1.5784e-21, -5.7338e-22,  1.4836e-21
  4.6400e-07,  1.5200e-21, -7.1388e-22,  1.4868e-21
  4.6500e-07,  1.4483e-21, -8.4813e-22,  1.4900e-21
  4.6600e-07,  1.3641e-21, -9.7491e-22,  1.4932e-21
  4.6700e-07,  1.2682e-21, -1.0931e-21,  1.4964e-21
  4.6800e-07,  1.1614e-21, -1.2015e-21,  1.4996e-21
  4.6900e-07,  1.0448e-21, -1.2992e-21,  1.5028e-21
  4.7000e-07,  9.1931e-22, -1.3854e-21,  1.5060e-21
  4.7100e-07,  7.8618e-22, -1.4591e-21,  1.5093e-21
  4.7200e-07,  6.4661e-22, -1.5197e-21,  1.5125e-21
  4.7300e-07,  5.0188e-22, -1.5668e-21,  1.5157e-21
  4.7400e-07,  3.5331e-22, -1.5997e-21,  1.5189e-21
  4.7500e-07,  2.0227e-22, -1.6184e-21,  1.5221e-21
  4.7600e-07,  5.0144e-23, -1.6224e-21,  1.5253e-21
  4.7700e-07, -1.0168e-22, -1.6120e-21,  1.5285e-21
  4.7800e-07, -2.5180e-22, -1.5870e-21,  1.5317e-21
  4.7900e-07, -3.9884e-22, -1.5478e-21,  1.5349e-21
  4.8000e-07, -5.4146e-22, -1.4947e-21,  1.5381e-21
  4.8100e-07, -6.7836e-22, -1.4282e-21,  1.5413e-21
  4.8200e-07, -8.0826e-22, -1.3489e-21,  1.5445e-21
  4.8300e-07, -9.2999e-22, -1.2576e-21,  1.5477e-21
  4.8400e-07, -1.0424e-21, -1.1551e-21,  1.5509e-21
  4.8500e-07, -1.1445e-21, -1.0422e-21,  1.5541e-21
  4.8600e-07, -1.2354e-21, -9.2013e-22,  1.5573e-21
  4.8700e-07, -1.3141e-21, -7.8991e-22,  1.5605e-21
  4.8800e-07, -1.3801e-21, -6.5276e-22,  1.5637e-21
  4.8900e-07, -1.4326e-21, -5.0993e-22,  1.5669e-21
  4.9000e-07, -1.4712e-21, -3.6273e-22,  1.5701e-21
  4.9100e-07, -1.4956e-21, -2.1251e-22,  1.5733e-21
  4.9200e-07, -1.5055e-21, -6.0649e-23,  1.5765e-21
  4.9300e-07, -1.5008e-21,  9.1461e-23,  1.5797e-21
  4.9400e-07, -1.4816e-21,  2.4242e-22,  1.5830e-21
  4.9500e-07, -1.4480e-21,  3.9086e-22,  1.5862e-21
  4.9600e-07, -1.4004e-21,  5.3540e-22,  1.5894e-21
  4.9700e-07, -1.3392e-21,  6.7473e-22,  1.5926e-21
  4.9800e-07, -1.2650e-21,  8.0757e-22,  1.5958e-21
  4.9900e-07, -1.1783e-21,  9.3270e-22,  1.5990e-21
  5.0000e-07, -1.0801e-21,  1.0490e-21,  1.6022e-21
  5.0100e-07, -9.7128e-22,  1.1553e-21,  1.6054e-21
  5.0200e-07, -8.5275e-22,  1.2508e-21,  1.6086e-21
  5.0300e-07, -7.2564e-22,  1.3344e-21,  1.6118e-21
  5.0400e-07, -5.9110e-22,  1.4056e-21,  1.6150e-21
  5.0500e-07, -4.5038e-22,  1.4635e-21,  1.6182e-21
  5.0600e-07, -3.0476e-22,  1.5077e-21,  1.6214e-21
  5.0700e-07, -1.5558e-22,  1.5378e-21,  1.6246e-21
  5.0800e-07, -4.2096e-24,  1.5535e-21,  1.6278e-21
  5.0900e-07,  1.4797e-22,  1.5546e-21,  1.6310e-21
  5.1000e-07,  2.9956e-22,  1.5412e-21,  1.6342e-21
  5.1100e-07,  4.4916e-22,  1.5133e-21,  1.6374e-21
  5.1200e-07,  5.9542e-22,  1.4712e-21,  1.6406e-21
  5.1300e-07,  7.3698e-22,  1.4154e-21,  1.6438e-21
  5.1400e-07,  8.7256e-22,  1.3463e-21,  1.6470e-21
  5.1500e-07,  1.0009e-21,  1.2645e-21,  1.6502e-21
  5.1600e-07,  1.1208e-21,  1.1708e-21,  1.6534e-21
  5.1700e-07,  1.2313e-21,  1.0661e-21,  1.6567e-21
  5.1800e-07,  1.3312e-21,  9.5127e-22,  1.6599e-21
  5.1900e-07,  1.4196e-21,  8.2744e-22,  1.6631e-21
  5.2000e-07,  1.4958e-21,  6.9572e-22,  1.6663e-21
  5.2100e-07,  1.5591e-21,  5.5731e-22,  1.6695e-21
  5.2200e-07,  1.6088e-21,  4.1349e-22,  1.6727e-21
  5.2300e-07,  1.6446e-21,  2.6557e-22,  1.6759e-21
  5.2400e-07,  1.6660e-21,  1.1490e-22,  1.6791e-21
  5.2500e-07,  1.6730e-21, -3.7119e-23,  1.6823e-21
  5.2600e-07,  1.6653e-21, -1.8911e-22,  1.6855e-21
  5.2700e-07,  1.6432e-21, -3.3967e-22,  1.6887e-21
  5.2800e-07,  1.6068e-21, -4.8743e-22,  1.6919e-21
  5.2900e-07,  1.5564e-21, -6.3102e-22,  1.6951e-21
  5.3000e-07,  1.4924e-21, -7.6914e-22,  1.6983e-21
  5.3100e-07,  1.4156e-21, -9.0050e-22,  1.7015e-21
  5.3200e-07,  1.3266e-21, -1.0239e-21,  1.7047e-21
  5.3300e-07,  1.2262e-21, -1.1383e-21,  1.7079e-21
  5.3400e-07,  1.1153e-21, -1.2425e-21,  1.7111e-21
  5.3500e-07,  9.9490e-22, -1.3356e-21,  1.7143e-21
  5.3600e-07,  8.6618e-22, -1.4168e-21,  1.7175e-21
  5.3700e-07,  7.3029e-22, -1.4853e-21,  1.7207e-21
  5.3800e-07,  5.8847e-22, -1.5405e-21,  1.7239e-21
  5.3900e-07,  4.4202e-22, -1.5819e-21,  1.7271e-21
  5.4000e-07,  2.9229e-22, -1.6090e-21,  1.7304e-21
  5.4100e-07,  1.4064e-22, -1.6218e-21,  1.7336e-21
  5.4200e-07, -1.1532e-23, -1.6199e-21,  1.7368e-21
  5.4300e-07, -1.6283e-22, -1.6036e-21,  1.7400e-21
  5.4400e-07, -3.1187e-22, -1.5728e-21,  1.7432e-21
  5.4500e-07, -4.5728e-22, -1.5279e-21,  1.7464e-21
  5.4600e-07, -5.9773e-22, -1.4693e-21,  1.7496e-21
  5.4700e-07, -7.3194e-22, -1.3976e-21,  1.7528e-21
  5.4800e-07, -8.5867e-22, -1.3133e-21,  1.7560e-21
  5.4900e-07, -9.7676e-22, -1.2173e-21,  1.7592e-21
  5.5000e-07, -1.0851e-21, -1.1105e-21,  1.7624e-21
  5.5100e-07, -1.1828e-21, -9.9377e-22,  1.7656e-21
  5.5200e-07, -1.2688e-21, -8.6824e-22,  1.7688e-21
  5.5300e-07, -1.3425e-21, -7.3507e-22,  1.7720e-21
  5.5400e-07, -1.4030e-21, -5.9546e-22,  1.7752e-21
  5.5500e-07, -1.4500e-21, -4.5069e-22,  1.7784e-21
  5.5600e-07, -1.4828e-21, -3.0210e-22,  1.7816e-21
  5.5700e-07, -1.5014e-21, -1.5105e-22,  1.7848e-21
  5.5800e-07, -1.5053e-21,  1.0770e-24,  1.7880e-21
  5.5900e-07, -1.4947e-21,  1.5289e-22,  1.7912e-21
  5.6000e-07, -1.4697e-21,  3.0299e-22,  1.7944e-21
  5.6100e-07, -1.4304e-21,  4.5001e-22,  1.7976e-21
  5.6200e-07, -1.3772e-21,  5.9260e-22,  1.8008e-21
  5.6300e-07, -1.3106e-21,  7.2945e-22,  1.8041e-21
  5.6400e-07, -1.2313e-21,  8.5930e-22,  1.8073e-21
  5.6500e-07, -1.1399e-21,  9.8097e-22,  1.8105e-21
  5.6600e-07, -1.0372e-21,  1.0933e-21,  1.8137e-21
  5.6700e-07, -9.2433e-22,  1.1954e-21,  1.8169e-21
  5.6800e-07, -8.0218e-22,  1.2861e-21,  1.8201e-21
  5.6900e-07, -6.7191e-22,  1.3648e-21,  1.8233e-21
  5.7000e-07, -5.3471e-22,  1.4307e-21,  1.8265e-21
  5.7100e-07, -3.9185e-22,  1.4831e-21,  1.8297e-21
  5.7200e-07, -2.4462e-22,  1.5216e-21,  1.8329e-21
  5.7300e-07, -9.4390e-23,  1.5459e-21,  1.8361e-21
  5.7400e-07,  5.7477e-23,  1.5557e-21,  1.8393e-21
  5.7500e-07,  2.0958e-22,  1.5509e-21,  1.8425e-21
  5.7600e-07,  3.6054e-22,  1.5316e-21,  1.8457e-21
  5.7700e-07,  5.0895e-22,  1.4979e-21,  1.8489e-21
  5.7800e-07,  6.5346e-22,  1.4502e-21,  1.8521e-21
  5.7900e-07,  7.9275e-22,  1.3889e-21,  1.8553e-21
  5.8000e-07,  9.2554e-22,  1.3146e-21,  1.8585e-21
  5.8100e-07,  1.0506e-21,  1.2279e-21,  1.8617e-21
  5.8200e-07,  1.1668e-21,  1.1296e-21,  1.8649e-21
  5.8300e-07,  1.2731e-21,  1.0207e-21,  1.8681e-21
  5.8400e-07,  1.3684e-21,  9.0209e-22,  1.8713e-21
  5.8500e-07,  1.4520e-21,  7.7492e-22,  1.8745e-21
  5.8600e-07,  1.5231e-21,  6.4034e-22,  1.8778e-21
  5.8700e-07,  1.5809e-21,  4.9958e-22,  1.8810e-21
  5.8800e-07,  1.6250e-21,  3.5393e-22,  1.8842e-21
  5.8900e-07,  1.6550e-21,  2.0473e-22,  1.8874e-21
  5.9000e-07,  1.6706e-21,  5.3347e-23,  1.8906e-21
  5.9100e-07,  1.6716e-21, -9.8831e-23,  1.8938e-21
  5.9200e-07,  1.6581e-21, -2.5041e-22,  1.8970e-21
  5.9300e-07,  1.6301e-21, -4.0000e-22,  1.9002e-21
  5.9400e-07,  1.5880e-21, -5.4623e-22,  1.9034e-21
  5.9500e-07,  1.5320e-21, -6.8776e-22,  1.9066e-21
  5.9600e-07,  1.4628e-21, -8.2329e-22,  1.9098e-21
  5.9700e-07,  1.3810e-21, -9.5157e-22,  1.9130e-21
  5.9800e-07,  1.2872e-21, -1.0714e-21,  1.9162e-21
  5.9900e-07,  1.1824e-21, -1.1818e-21,  1.9194e-21
  6.0000e-07,  1.0675e-21, -1.2816e-21,  1.9226e-21
  6.0100e-07,  9.4365e-22, -1.3700e-21,  1.9258e-21
  6.0200e-07,  8.1188e-22, -1.4461e-21,  1.9290e-21
  6.0300e-07,  6.7343e-22, -1.5093e-21,  1.9322e-21
  6.0400e-07,  5.2957e-22, -1.5589e-21,  1.9354e-21
  6.0500e-07,  3.8163e-22, -1.5946e-21,  1.9386e-21
  6.0600e-07,  2.3095e-22, -1.6159e-21,  1.9418e-21
  6.0700e-07,  7.8921e-23, -1.6228e-21,  1.9450e-21
  6.0800e-07, -7.3064e-23, -1.6150e-21,  1.9482e-21
  6.0900e-07, -2.2361e-22, -1.5928e-21,  1.9515e-21
  6.1000e-07, -3.7134e-22, -1.5563e-21,  1.9547e-21
  6.1100e-07, -5.1490e-22, -1.5058e-21,  1.9579e-21
  6.1200e-07, -6.5298e-22, -1.4418e-21,  1.9611e-21
  6.1300e-07, -7.8429e-22, -1.3649e-21,  1.9643e-21
  6.1400e-07, -9.0766e-22, -1.2758e-21,  1.9675e-21
  6.1500e-07, -1.0219e-21, -1.1753e-21,  1.9707e-21
  6.1600e-07, -1.1261e-21, -1.0643e-21,  1.9739e-21
  6.1700e-07, -1.2191e-21, -9.4387e-22,  1.9771e-21
  6.1800e-07, -1.3002e-21, -8.1510e-22,  1.9803e-21
  6.1900e-07, -1.3686e-21, -6.7916e-22,  1.9835e-21
  6.2000e-07, -1.4237e-21, -5.3730e-22,  1.9867e-21
  6.2100e-07, -1.4650e-21, -3.9083e-22,  1.9899e-21
  6.2200e-07, -1.4921e-21, -2.4107e-22,  1.9931e-21
  6.2300e-07, -1.5047e-21, -8.9418e-23,  1.9963e-21
  6.2400e-07, -1.5028e-21,  6.2751e-23,  1.9995e-21
  6.2500e-07, -1.4863e-21,  2.1404e-22,  2.0027e-21
  6.2600e-07, -1.4555e-21,  3.6306e-22,  2.0059e-21
  6.2700e-07, -1.4105e-21,  5.0844e-22,  2.0091e-21
  6.2800e-07, -1.3518e-21,  6.4885e-22,  2.0123e-21
  6.2900e-07, -1.2800e-21,  7.8301e-22,  2.0155e-21
  6.3000e-07, -1.1956e-21,  9.0969e-22,  2.0187e-21
  6.3100e-07, -1.0996e-21,  1.0277e-21,  2.0219e-21
  6.3200e-07, -9.9264e-22,  1.1360e-21,  2.0252e-21
  6.3300e-07, -8.7585e-22,  1.2336e-21,  2.0284e-21
  6.3400e-07, -7.5027e-22,  1.3195e-21,  2.0316e-21
  6.3500e-07, -6.1705e-22,  1.3931e-21,  2.0348e-21
  6.3600e-07, -4.7740e-22,  1.4536e-21,  2.0380e-21
  6.3700e-07, -3.3260e-22,  1.5004e-21,  2.0412e-21
  6.3800e-07, -1.8399e-22,  1.5332e-21,  2.0444e-21
  6.3900e-07, -3.2929e-23,  1.5516e-21,  2.0476e-21
  6.4000e-07,  1.1920e-22,  1.5555e-21,  2.0508e-21
  6.4100e-07,  2.7101e-22,  1.5448e-21,  2.0540e-21
  6.4200e-07,  4.2110e-22,  1.5196e-21,  2.0572e-21
  6.4300e-07,  5.6809e-22,  1.4802e-21,  2.0604e-21
  6.4400e-07,  7.1064e-22,  1.4270e-21,  2.0636e-21
  6.4500e-07,  8.4745e-22,  1.3603e-21,  2.0668e-21
  6.4600e-07,  9.7725e-22,  1.2809e-21,  2.0700e-21
  6.4700e-07,  1.0989e-21,  1.1894e-21,  2.0732e-21
  6.4800e-07,  1.2112e-21,  1.0867e-21,  2.0764e-21
  6.4900e-07,  1.3131e-21,  9.7370e-22,  2.0796e-21
  6.5000e-07,  1.4038e-21,  8.5149e-22,  2.0828e-21
  6.5100e-07,  1.4824e-21,  7.2117e-22,  2.0860e-21
  6.5200e-07,  1.5482e-21,  5.8393e-22,  2.0892e-21
  6.5300e-07,  1.6005e-21,  4.4103e-22,  2.0924e-21
  6.5400e-07,  1.6389e-21,  2.9378e-22,  2.0956e-21
  6.5500e-07,  1.6631e-21,  1.4353e-22,  2.0989e-21
  6.5600e-07,  1.6728e-21, -8.3410e-24,  2.1021e-21
  6.5700e-07,  1.6679e-21, -1.6044e-22,  2.1053e-21
  6.5800e-07,  1.6485e-21, -3.1138e-22,  2.1085e-21
  6.5900e-07,  1.6147e-21, -4.5977e-22,  2.1117e-21
  6.6000e-07,  1.5669e-21, -6.0426e-22,  2.1149e-21
  6.6100e-07,  1.5055e-21, -7.4351e-22,  2.1181e-21
  6.6200e-07,  1.4311e-21, -8.7624e-22,  2.1213e-21
  6.6300e-07,  1.3443e-21, -1.0013e-21,  2.1245e-21
  6.6400e-07,  1.2460e-21, -1.1174e-21,  2.1277e-21
  6.6500e-07,  1.1370e-21, -1.2236e-21,  2.1309e-21
  6.6600e-07,  1.0183e-21, -1.3189e-21,  2.1341e-21
  6.6700e-07,  8.9110e-22, -1.4024e-21,  2.1373e-21
  6.6800e-07,  7.5647e-22, -1.4733e-21,  2.1405e-21
  6.6900e-07,  6.1568e-22, -1.5311e-21,  2.1437e-21
  6.7000e-07,  4.7000e-22, -1.5751e-21,  2.1469e-21
  6.7100e-07,  3.2078e-22, -1.6050e-21,  2.1501e-21
  6.7200e-07,  1.6939e-22, -1.6205e-21,  2.1533e-21
  6.7300e-07,  1.7210e-23, -1.6214e-21,  2.1565e-21
  6.7400e-07, -1.3436e-22, -1.6078e-21,  2.1597e-21
  6.7500e-07, -2.8393e-22, -1.5797e-21,  2.1629e-21
  6.7600e-07, -4.3013e-22, -1.5375e-21,  2.1661e-21
  6.7700e-07, -5.7162e-22, -1.4814e-21,  2.1693e-21
  6.7800e-07, -7.0711e-22, -1.4121e-21,  2.1726e-21
  6.7900e-07, -8.3534e-22, -1.3302e-21,  2.1758e-21
  6.8000e-07, -9.5515e-22, -1.2363e-21,  2.1790e-21
  6.8100e-07, -1.0654e-21, -1.1315e-21,  2.1822e-21
  6.8200e-07, -1.1652e-21, -1.0165e-21,  2.1854e-21
  6.8300e-07, -1.2535e-21, -8.9259e-22,  2.1886e-21
  6.8400e-07, -1.3295e-21, -7.6077e-22,  2.1918e-21
  6.8500e-07, -1.3926e-21, -6.2228e-22,  2.1950e-21
  6.8600e-07, -1.4422e-21, -4.7839e-22,  2.1982e-21
  6.8700e-07, -1.4777e-21, -3.3042e-22,  2.2014e-21
  6.8800e-07, -1.4990e-21, -1.7973e-22,  2.2046e-21
  6.8900e-07, -1.5057e-21, -2.7700e-23,  2.2078e-21
  6.9000e-07, -1.4979e-21,  1.2428e-22,  2.2110e-21
  6.9100e-07, -1.4755e-21,  2.7481e-22,  2.2142e-21
  6.9200e-07, -1.4389e-21,  4.2252e-22,  2.2174e-21
  6.9300e-07, -1.3883e-21,  5.6605e-22,  2.2206e-21
  6.9400e-07, -1.3242e-21,  7.0408e-22,  2.2238e-21
  6.9500e-07, -1.2472e-21,  8.3535e-22,  2.2270e-21
  6.9600e-07, -1.1580e-21,  9.5865e-22,  2.2302e-21
  6.9700e-07, -1.0575e-21,  1.0729e-21,  2.2334e-21
  6.9800e-07, -9.4641e-22,  1.1769e-21,  2.2366e-21
  6.9900e-07, -8.2593e-22,  1.2699e-21,  2.2398e-21
  7.0000e-07, -6.9711e-22,  1.3509e-21,  2.2430e-21
  7.0100e-07, -5.6112e-22,  1.4192e-21,  2.2463e-21
  7.0200e-07, -4.1923e-22,  1.4742e-21,  2.2495e-21
  7.0300e-07, -2.7273e-22,  1.5154e-21,  2.2527e-21
  7.0400e-07, -1.2296e-22,  1.5424e-21,  2.2559e-21
  7.0500e-07,  2.8707e-23,  1.5549e-21,  2.2591e-21
  7.0600e-07,  1.8088e-22,  1.5529e-21,  2.2623e-21
  7.0700e-07,  3.3215e-22,  1.5363e-21,  2.2655e-21
  7.0800e-07,  4.8115e-22,  1.5054e-21,  2.2687e-21
  7.0900e-07,  6.2650e-22,  1.4603e-21,  2.2719e-21
  7.1000e-07,  7.6688e-22,  1.4015e-21,  2.2751e-21
  7.1100e-07,  9.0099e-22,  1.3296e-21,  2.2783e-21
  7.1200e-07,  1.0276e-21,  1.2452e-21,  2.2815e-21
  7.1300e-07,  1.1456e-21,  1.1490e-21,  2.2847e-21
  7.1400e-07,  1.2538e-21,  1.0420e-21,  2.2879e-21
  7.1500e-07,  1.3513e-21,  9.2520e-22,  2.2911e-21
  7.1600e-07,  1.4372e-21,  7.9956e-22,  2.2943e-21
  7.1700e-07,  1.5106e-21,  6.6629e-22,  2.2975e-21
  7.1800e-07,  1.5710e-21,  5.2660e-22,  2.3007e-21
  7.1900e-07,  1.6178e-21,  3.8177e-22,  2.3039e-21
  7.2000e-07,  1.6504e-21,  2.3314e-22,  2.3071e-21
  7.2100e-07,  1.6688e-21,  8.2068e-23,  2.3103e-21
  7.2200e-07,  1.6725e-21, -7.0067e-23,  2.3135e-21
  7.2300e-07,  1.6618e-21, -2.2187e-22,  2.3167e-21
  7.2400e-07,  1.6365e-21, -3.7194e-22,  2.3200e-21
  7.2500e-07,  1.5970e-21, -5.1891e-22,  2.3232e-21
  7.2600e-07,  1.5436e-21, -6.6142e-22,  2.3264e-21
  7.2700e-07,  1.4769e-21, -7.9818e-22,  2.3296e-21
  7.2800e-07,  1.3974e-21, -9.2793e-22,  2.3328e-21
  7.2900e-07,  1.3058e-21, -1.0495e-21,  2.3360e-21
  7.3000e-07,  1.2030e-21, -1.1617e-21,  2.3392e-21
  7.3100e-07,  1.0900e-21, -1.2636e-21,  2.3424e-21
  7.3200e-07,  9.6771e-22, -1.3542e-21,  2.3456e-21
  7.3300e-07,  8.3734e-22, -1.4327e-21,  2.3488e-21
  7.3400e-07,  7.0005e-22, -1.4984e-21,  2.3520e-21
  7.3500e-07,  5.5712e-22, -1.5506e-21,  2.3552e-21
  7.3600e-07,  4.0985e-22, -1.5890e-21,  2.3584e-21
  7.3700e-07,  2.5958e-22, -1.6130e-21,  2.3616e-21
  7.3800e-07,  1.0770e-22, -1.6226e-21,  2.3648e-21
  7.3900e-07, -4.4400e-23, -1.6176e-21,  2.3680e-21
  7.4000e-07, -1.9533e-22, -1.5981e-21,  2.3712e-21
  7.4100e-07, -3.4369e-22, -1.5643e-21,  2.3744e-21
  7.4200e-07, -4.8815e-22, -1.5164e-21,  2.3776e-21
  7.4300e-07, -6.2735e-22, -1.4549e-21,  2.3808e-21
  7.4400e-07, -7.6004e-22, -1.3804e-21,  2.3840e-21
  7.4500e-07, -8.8500e-22, -1.2935e-21,  2.3872e-21
  7.4600e-07, -1.0011e-21, -1.1951e-21,  2.3904e-21
  7.4700e-07, -1.1072e-21, -1.0860e-21,  2.3937e-21
  7.4800e-07, -1.2024e-21, -9.6731e-22,  2.3969e-21
  7.4900e-07, -1.2858e-21, -8.4003e-22,  2.4001e-21
  7.5000e-07, -1.3567e-21, -7.0535e-22,  2.4033e-21
  7.5100e-07, -1.4144e-21, -5.6451e-22,  2.4065e-21
  7.5200e-07, -1.4583e-21, -4.1881e-22,  2.4097e-21
  7.5300e-07, -1.4881e-21, -2.6957e-22,  2.4129e-21
  7.5400e-07, -1.5034e-21, -1.1817e-22,  2.4161e-21
  7.5500e-07, -1.5043e-21,  3.4010e-23,  2.4193e-21
  7.5600e-07, -1.4905e-21,  1.8557e-22,  2.4225e-21
  7.5700e-07, -1.4624e-21,  3.3512e-22,  2.4257e-21
  7.5800e-07, -1.4200e-21,  4.8130e-22,  2.4289e-21
  7.5900e-07, -1.3639e-21,  6.2275e-22,  2.4321e-21
  7.6000e-07, -1.2945e-21,  7.5819e-22,  2.4353e-21
  7.6100e-07, -1.2125e-21,  8.8637e-22,  2.4385e-21
  7.6200e-07, -1.1186e-21,  1.0061e-21,  2.4417e-21
  7.6300e-07, -1.0136e-21,  1.1163e-21,  2.4449e-21
  7.6400e-07, -8.9864e-22,  1.2160e-21,  2.4481e-21
  7.6500e-07, -7.7463e-22,  1.3042e-21,  2.4513e-21
  7.6600e-07, -6.4276e-22,  1.3802e-21,  2.4545e-21
  7.6700e-07, -5.0423e-22,  1.4432e-21,  2.4577e-21
  7.6800e-07, -3.6031e-22,  1.4926e-21,  2.4609e-21
  7.6900e-07, -2.1232e-22,  1.5281e-21,  2.4641e-21
  7.7000e-07, -6.1610e-23,  1.5492e-21,  2.4674e-21
  7.7100e-07,  9.0426e-23,  1.5559e-21,  2.4706e-21
  7.7200e-07,  2.4240e-22,  1.5479e-21,  2.4738e-21
  7.7300e-07,  3.9292e-22,  1.5255e-21,  2.4770e-21
  7.7400e-07,  5.4060e-22,  1.4888e-21,  2.4802e-21
  7.7500e-07,  6.8410e-22,  1.4381e-21,  2.4834e-21
  7.7600e-07,  8.2208e-22,  1.3739e-21,  2.4866e-21
  7.7700e-07,  9.5330e-22,  1.2968e-21,  2.4898e-21
  7.7800e-07,  1.0765e-21,  1.2076e-21,  2.4930e-21
  7.7900e-07,  1.1907e-21,  1.1069e-21,  2.4962e-21
  7.8000e-07,  1.2947e-21,  9.9580e-22,  2.4994e-21
  7.8100e-07,  1.3876e-21,  8.7525e-22,  2.5026e-21
  7.8200e-07,  1.4685e-21,  7.4638e-22,  2.5058e-21
  7.8300e-07,  1.5367e-21,  6.1035e-22,  2.5090e-21
  7.8400e-07,  1.5916e-21,  4.6842e-22,  2.5122e-21
  7.8500e-07,  1.6327e-21,  3.2189e-22,  2.5154e-21
  7.8600e-07,  1.6596e-21,  1.7210e-22,  2.5186e-21
  7.8700e-07,  1.6721e-21,  2.0429e-23,  2.5218e-21
  7.8800e-07,  1.6699e-21, -1.3174e-22,  2.5250e-21
  7.8900e-07,  1.6533e-21, -2.8300e-22,  2.5282e-21
  7.9000e-07,  1.6222e-21, -4.3198e-22,  2.5314e-21
  7.9100e-07,  1.5770e-21, -5.7730e-22,  2.5346e-21
  7.9200e-07,  1.5182e-21, -7.1764e-22,  2.5378e-21
  7.9300e-07,  1.4461e-21, -8.5171e-22,  2.5411e-21
  7.9400e-07,  1.3616e-21, -9.7827e-22,  2.5443e-21
  7.9500e-07,  1.2654e-21, -1.0962e-21,  2.5475e-21
  7.9600e-07,  1.1584e-21, -1.2043e-21,  2.5507e-21
  7.9700e-07,  1.0415e-21, -1.3017e-21,  2.5539e-21
  7.9800e-07,  9.1576e-22, -1.3875e-21,  2.5571e-21
  7.9900e-07,  7.8244e-22, -1.4609e-21,  2.5603e-21
  8.0000e-07,  6.4271e-22, -1.5212e-21,  2.5635e-21
  8.0100e-07,  4.9785e-22, -1.5679e-21,  2.5667e-21
  8.0200e-07,  3.4920e-22, -1.6004e-21,  2.5699e-21
  8.0300e-07,  1.9811e-22, -1.6187e-21,  2.5731e-21
  8.0400e-07,  4.5974e-23, -1.6223e-21,  2.5763e-21
  8.0500e-07, -1.0582e-22, -1.6115e-21,  2.5795e-21
  8.0600e-07, -2.5587e-22, -1.5861e-21,  2.5827e-21
  8.0700e-07, -4.0281e-22, -1.5465e-21,  2.5859e-21
  8.0800e-07, -5.4530e-22, -1.4931e-21,  2.5891e-21
  8.0900e-07, -6.8201e-22, -1.4262e-21,  2.5923e-21
  8.1000e-07, -8.1171e-22, -1.3466e-21,  2.5955e-21
  8.1100e-07, -9.3320e-22, -1.2549e-21,  2.5987e-21
  8.1200e-07, -1.0454e-21, -1.1521e-21,  2.6019e-21
  8.1300e-07, -1.1472e-21, -1.0390e-21,  2.6051e-21
  8.1400e-07, -1.2377e-21, -9.1666e-22,  2.6083e-21
  8.1500e-07, -1.3161e-21, -7.8624e-22,  2.6115e-21
  8.1600e-07, -1.3817e-21, -6.4891e-22,  2.6148e-21
  8.1700e-07, -1.4338e-21, -5.0595e-22,  2.6180e-21
  8.1800e-07, -1.4721e-21, -3.5865e-22,  2.6212e-21
  8.1900e-07, -1.4961e-21, -2.0836e-22,  2.6244e-21
  8.2000e-07, -1.5055e-21, -5.6478e-23,  2.6276e-21
  8.2100e-07, -1.5005e-21,  9.5618e-23,  2.6308e-21
  8.2200e-07, -1.4808e-21,  2.4653e-22,  2.6340e-21
  8.2300e-07, -1.4469e-21,  3.9488e-22,  2.6372e-21
  8.2400e-07, -1.3989e-21,  5.3930e-22,  2.6404e-21
  8.2500e-07, -1.3373e-21,  6.7846e-22,  2.6436e-21
  8.2600e-07, -1.2627e-21,  8.1111e-22,  2.6468e-21
  8.2700e-07, -1.1758e-21,  9.3600e-22,  2.6500e-21
  8.2800e-07, -1.0773e-21,  1.0520e-21,  2.6532e-21
  8.2900e-07, -9.6816e-22,  1.1581e-21,  2.6564e-21
  8.3000e-07, -8.4938e-22,  1.2532e-21,  2.6596e-21
  8.3100e-07, -7.2204e-22,  1.3365e-21,  2.6628e-21
  8.3200e-07, -5.8732e-22,  1.4073e-21,  2.6660e-21
  8.3300e-07, -4.4645e-22,  1.4649e-21,  2.6692e-21
  8.3400e-07, -3.0071e-22,  1.5087e-21,  2.6724e-21
  8.3500e-07, -1.5146e-22,  1.5384e-21,  2.6756e-21
  8.3600e-07, -4.4381e-26,  1.5537e-21,  2.6788e-21
  8.3700e-07,  1.5214e-22,  1.5544e-21,  2.6820e-21
  8.3800e-07,  3.0369e-22,  1.5406e-21,  2.6852e-21
  8.3900e-07,  4.5322e-22,  1.5123e-21,  2.6885e-21
  8.4000e-07,  5.9937e-22,  1.4699e-21,  2.6917e-21
  8.4100e-07,  7.4078e-22,  1.4137e-21,  2.6949e-21
  8.4200e-07,  8.7618e-22,  1.3442e-21,  2.6981e-21
  8.4300e-07,  1.0043e-21,  1.2621e-21,  2.7013e-21
  8.4400e-07,  1.1240e-21,  1.1681e-21,  2.7045e-21
  8.4500e-07,  1.2341e-21,  1.0631e-21,  2.7077e-21
  8.4600e-07,  1.3337e-21,  9.4799e-22,  2.7109e-21
  8.4700e-07,  1.4219e-21,  8.2393e-22,  2.7141e-21
  8.4800e-07,  1.4977e-21,  6.9201e-22,  2.7173e-21
  8.4900e-07,  1.5606e-21,  5.5344e-22,  2.7205e-21
  8.5000e-07,  1.6100e-21,  4.0948e-22,  2.7237e-21
  8.5100e-07,  1.6454e-21,  2.6147e-22,  2.7269e-21
  8.5200e-07,  1.6664e-21,  1.1075e-22,  2.7301e-21
  8.5300e-07,  1.6729e-21, -4.1291e-23,  2.7333e-21
  8.5400e-07,  1.6649e-21, -1.9326e-22,  2.7365e-21
  8.5500e-07,  1.6424e-21, -3.4376e-22,  2.7397e-21
  8.5600e-07,  1.6056e-21, -4.9142e-22,  2.7429e-21
  8.5700e-07,  1.5548e-21, -6.3488e-22,  2.7461e-21
  8.5800e-07,  1.4905e-21, -7.7283e-22,  2.7493e-21
  8.5900e-07,  1.4133e-21, -9.0400e-22,  2.7525e-21
  8.6000e-07,  1.3240e-21, -1.0272e-21,  2.7557e-21
  8.6100e-07,  1.2233e-21, -1.1413e-21,  2.7589e-21
  8.6200e-07,  1.1121e-21, -1.2452e-21,  2.7622e-21
  8.6300e-07,  9.9148e-22, -1.3380e-21,  2.7654e-21
  8.6400e-07,  8.6255e-22, -1.4188e-21,  2.7686e-21
  8.6500e-07,  7.2648e-22, -1.4870e-21,  2.7718e-21
  8.6600e-07,  5.8451e-22, -1.5418e-21,  2.7750e-21
  8.6700e-07,  4.3796e-22, -1.5828e-21,  2.7782e-21
  8.6800e-07,  2.8815e-22, -1.6096e-21,  2.7814e-21
  8.6900e-07,  1.3647e-22, -1.6219e-21,  2.7846e-21
  8.7000e-07, -1.5695e-23, -1.6197e-21,  2.7878e-21
  8.7100e-07, -1.6695e-22, -1.6029e-21,  2.7910e-21
  8.7200e-07, -3.1591e-22, -1.5717e-21,  2.7942e-21
  8.7300e-07, -4.6120e-22, -1.5265e-21,  2.7974e-21
  8.7400e-07, -6.0150e-22, -1.4675e-21,  2.8006e-21
  8.7500e-07, -7.3552e-22, -1.3954e-21,  2.8038e-21
  8.7600e-07, -8.6202e-22, -1.3108e-21,  2.8070e-21
  8.7700e-07, -9.7986e-22, -1.2145e-21,  2.8102e-21
  8.7800e-07, -1.0879e-21, -1.1074e-21,  2.8134e-21
  8.7900e-07, -1.1853e-21, -9.9044e-22,  2.8166e-21
  8.8000e-07, -1.2710e-21, -8.6469e-22,  2.8198e-21
  8.8100e-07, -1.3443e-21, -7.3132e-22,  2.8230e-21
  8.8200e-07, -1.4045e-21, -5.9155e-22,  2.8262e-21
  8.8300e-07, -1.4510e-21, -4.4667e-22,  2.8294e-21
  8.8400e-07, -1.4835e-21, -2.9799e-22,  2.8326e-21
  8.8500e-07, -1.5017e-21, -1.4689e-22,  2.8359e-21
  8.8600e-07, -1.5052e-21,  5.2470e-24,  2.8391e-21
  8.8700e-07, -1.4942e-21,  1.5703e-22,  2.8423e-21
  8.8800e-07, -1.4688e-21,  3.0707e-22,  2.8455e-21
  8.8900e-07, -1.4291e-21,  4.5399e-22,  2.8487e-21
  8.9000e-07, -1.3756e-21,  5.9643e-22,  2.8519e-21
  8.9100e-07, -1.3086e-21,  7.3310e-22,  2.8551e-21
  8.9200e-07, -1.2289e-21,  8.6275e-22,  2.8583e-21
  8.9300e-07, -1.1372e-21,  9.8418e-22,  2.8615e-21
  8.9400e-07, -1.0343e-21,  1.0963e-21,  2.8647e-21
  8.9500e-07, -9.2110e-22,  1.1980e-21,  2.8679e-21
  8.9600e-07, -7.9871e-22,  1.2885e-21,  2.8711e-21
  8.9700e-07, -6.6824e-22,  1.3668e-21,  2.8743e-21
  8.9800e-07, -5.3087e-22,  1.4323e-21,  2.8775e-21
  8.9900e-07, -3.8787e-22,  1.4843e-21,  2.8807e-21
  9.0000e-07, -2.4054e-22,  1.5225e-21,  2.8839e-21
  9.0100e-07, -9.0244e-23,  1.5463e-21,  2.8871e-21
  9.0200e-07,  6.1648e-23,  1.5557e-21,  2.8903e-21
  9.0300e-07,  2.1374e-22,  1.5505e-21,  2.8935e-21
  9.0400e-07,  3.6464e-22,  1.5308e-21,  2.8967e-21
  9.0500e-07,  5.1297e-22,  1.4968e-21,  2.8999e-21
  9.0600e-07,  6.5735e-22,  1.4487e-21,  2.9031e-21
  9.0700e-07,  7.9648e-22,  1.3871e-21,  2.9063e-21
  9.0800e-07,  9.2907e-22,  1.3124e-21,  2.9096e-21
  9.0900e-07,  1.0539e-21,  1.2253e-21,  2.9128e-21
  9.1000e-07,  1.1699e-21,  1.1268e-21,  2.9160e-21
  9.1100e-07,  1.2758e-21,  1.0176e-21,  2.9192e-21
  9.1200e-07,  1.3709e-21,  8.9871e-22,  2.9224e-21
  9.1300e-07,  1.4542e-21,  7.7132e-22,  2.9256e-21
  9.1400e-07,  1.5248e-21,  6.3655e-22,  2.9288e-21
  9.1500e-07,  1.5823e-21,  4.9564e-22,  2.9320e-21
  9.1600e-07,  1.6260e-21,  3.4988e-22,  2.9352e-21
  9.1700e-07,  1.6556e-21,  2.0060e-22,  2.9384e-21
  9.1800e-07,  1.6708e-21,  4.9182e-23,  2.9416e-21
  9.1900e-07,  1.6714e-21, -1.0300e-22,  2.9448e-21
  9.2000e-07,  1.6575e-21, -2.5454e-22,  2.9480e-21
  9.2100e-07,  1.6292e-21, -4.0406e-22,  2.9512e-21
  9.2200e-07,  1.5866e-21, -5.5017e-22,  2.9544e-21
  9.2300e-07,  1.5303e-21, -6.9155e-22,  2.9576e-21
  9.2400e-07,  1.4607e-21, -8.2690e-22,  2.9608e-21
  9.2500e-07,  1.3785e-21, -9.5497e-22,  2.9640e-21
  9.2600e-07,  1.2845e-21, -1.0746e-21,  2.9672e-21
  9.2700e-07,  1.1794e-21, -1.1847e-21,  2.9704e-21
  9.2800e-07,  1.0643e-21, -1.2842e-21,  2.9736e-21
  9.2900e-07,  9.4014e-22, -1.3723e-21,  2.9768e-21
  9.3000e-07,  8.0817e-22, -1.4480e-21,  2.9800e-21
  9.3100e-07,  6.6955e-22, -1.5108e-21,  2.9833e-21
  9.3200e-07,  5.2557e-22, -1.5601e-21,  2.9865e-21
  9.3300e-07,  3.7753e-22, -1.5954e-21,  2.9897e-21
  9.3400e-07,  2.2680e-22, -1.6163e-21,  2.9929e-21
  9.3500e-07,  7.4750e-23, -1.6228e-21,  2.9961e-21
  9.3600e-07, -7.7214e-23, -1.6146e-21,  2.9993e-21
  9.3700e-07, -2.2770e-22, -1.5920e-21,  3.0025e-21
  9.3800e-07, -3.7534e-22, -1.5551e-21,  3.0057e-21
  9.3900e-07, -5.1876e-22, -1.5042e-21,  3.0089e-21
  9.4000e-07, -6.5667e-22, -1.4398e-21,  3.0121e-21
  9.4100e-07, -7.8778e-22, -1.3626e-21,  3.0153e-21
  9.4200e-07, -9.1091e-22, -1.2732e-21,  3.0185e-21
  9.4300e-07, -1.0249e-21, -1.1724e-21,  3.0217e-21
  9.4400e-07, -1.1288e-21, -1.0611e-21,  3.0249e-21
  9.4500e-07, -1.2215e-21, -9.4044e-22,  3.0281e-21
  9.4600e-07, -1.3023e-21, -8.1146e-22,  3.0313e-21
  9.4700e-07, -1.3703e-21, -6.7535e-22,  3.0345e-21
  9.4800e-07, -1.4250e-21, -5.3335e-22,  3.0377e-21
  9.4900e-07, -1.4659e-21, -3.8676e-22,  3.0409e-21
  9.5000e-07, -1.4926e-21, -2.3694e-22,  3.0441e-21
  9.5100e-07, -1.5049e-21, -8.5250e-23,  3.0473e-21
  9.5200e-07, -1.5025e-21,  6.6914e-23,  3.0505e-21
  9.5300e-07, -1.4857e-21,  2.1816e-22,  3.0537e-21
  9.5400e-07, -1.4544e-21,  3.6709e-22,  3.0570e-21
  9.5500e-07, -1.4090e-21,  5.1236e-22,  3.0602e-21
  9.5600e-07, -1.3500e-21,  6.5262e-22,  3.0634e-21
  9.5700e-07, -1.2778e-21,  7.8659e-22,  3.0666e-21
  9.5800e-07, -1.1931e-21,  9.1304e-22,  3.0698e-21
  9.5900e-07, -1.0968e-21,  1.0308e-21,  3.0730e-21
  9.6000e-07, -9.8956e-22,  1.1388e-21,  3.0762e-21
  9.6100e-07, -8.7252e-22,  1.2361e-21,  3.0794e-21
  9.6200e-07, -7.4672e-22,  1.3217e-21,  3.0826e-21
  9.6300e-07, -6.1330e-22,  1.3949e-21,  3.0858e-21
  9.6400e-07, -4.7349e-22,  1.4550e-21,  3.0890e-21
  9.6500e-07, -3.2857e-22,  1.5015e-21,  3.0922e-21
  9.6600e-07, -1.7988e-22,  1.5339e-21,  3.0954e-21
  9.6700e-07, -2.8769e-23,  1.5519e-21,  3.0986e-21
  9.6800e-07,  1.2337e-22,  1.5554e-21,  3.1018e-21
  9.6900e-07,  2.7515e-22,  1.5443e-21,  3.1050e-21
  9.7000e-07,  4.2517e-22,  1.5188e-21,  3.1082e-21
  9.7100e-07,  5.7206e-22,  1.4790e-21,  3.1114e-21
  9.7200e-07,  7.1447e-22,  1.4253e-21,  3.1146e-21
  9.7300e-07,  8.5110e-22,  1.3583e-21,  3.1178e-21
  9.7400e-07,  9.8069e-22,  1.2785e-21,  3.1210e-21
  9.7500e-07,  1.1021e-21,  1.1867e-21,  3.1242e-21
  9.7600e-07,  1.2141e-21,  1.0837e-21,  3.1274e-21
  9.7700e-07,  1.3158e-21,  9.7047e-22,  3.1307e-21
  9.7800e-07,  1.4061e-21,  8.4802e-22,  3.1339e-21
  9.7900e-07,  1.4844e-21,  7.1750e-22,  3.1371e-21
  9.8000e-07,  1.5498e-21,  5.8009e-22,  3.1403e-21
  9.8100e-07,  1.6017e-21,  4.3705e-22,  3.1435e-21
  9.8200e-07,  1.6398e-21,  2.8970e-22,  3.1467e-21
  9.8300e-07,  1.6635e-21,  1.3939e-22,  3.1499e-21
  9.8400e-07,  1.6728e-21, -1.2512e-23,  3.1531e-21
  9.8500e-07,  1.6675e-21, -1.6460e-22,  3.1563e-21
  9.8600e-07,  1.6477e-21, -3.1549e-22,  3.1595e-21
  9.8700e-07,  1.6136e-21, -4.6379e-22,  3.1627e-21
  9.8800e-07,  1.5654e-21, -6.0815e-22,  3.1659e-21
  9.8900e-07,  1.5037e-21, -7.4723e-22,  3.1691e-21
  9.9000e-07,  1.4289e-21, -8.7978e-22,  3.1723e-21
  9.9100e-07,  1.3418e-21, -1.0046e-21,  3.1755e-21
  9.9200e-07,  1.2431e-21, -1.1204e-21,  3.1787e-21
  9.9300e-07,  1.1339e-21, -1.2264e-21,  3.1819e-21
  9.9400e-07,  1.0150e-21, -1.3213e-21,  3.1851e-21
  9.9500e-07,  8.8751e-22, -1.4045e-21,  3.1883e-21
  9.9600e-07,  7.5269e-22, -1.4751e-21,  3.1915e-21
  9.9700e-07,  6.1174e-22, -1.5325e-21,  3.1947e-21
  9.9800e-07,  4.6595e-22, -1.5761e-21,  3.1979e-21
  9.9900e-07,  3.1666e-22, -1.6056e-21,  3.2011e-21
