  0.0000e+00,  0.0000e+00,  0.0000e+00,  0.0000e+00
  1.0000e-09,  9.9950e-04, -4.5495e-05,  9.5788e-07
  2.0000e-09,  1.9922e-03, -1.8169e-04,  3.8315e-06
  3.0000e-09,  2.9695e-03, -4.0751e-04,  8.6209e-06
  4.0000e-09,  3.9228e-03, -7.2107e-04,  1.5326e-05
  5.0000e-09,  4.8440e-03, -1.1197e-03,  2.3947e-05
  6.0000e-09,  5.7249e-03, -1.5999e-03,  3.4484e-05
  7.0000e-09,  6.5580e-03, -2.1574e-03,  4.6936e-05
  8.0000e-09,  7.3361e-03, -2.7874e-03,  6.1305e-05
  9.0000e-09,  8.0525e-03, -3.4843e-03,  7.7589e-05
  1.0000e-08,  8.7011e-03, -4.2417e-03,  9.5788e-05
  1.1000e-08,  9.2765e-03, -5.0531e-03,  1.1590e-04
  1.2000e-08,  9.7737e-03, -5.9110e-03,  1.3794e-04
  1.3000e-08,  1.0189e-02, -6.8079e-03,  1.6188e-04
  1.4000e-08,  1.0518e-02, -7.7357e-03,  1.8775e-04
  1.5000e-08,  1.0760e-02, -8.6861e-03,  2.1552e-04
  1.6000e-08,  1.0911e-02, -9.6505e-03,  2.4522e-04
  1.7000e-08,  1.0972e-02, -1.0620e-02,  2.7683e-04
  1.8000e-08,  1.0942e-02, -1.1587e-02,  3.1035e-04
  1.9000e-08,  1.0822e-02, -1.2541e-02,  3.4580e-04
  2.0000e-08,  1.0613e-02, -1.3475e-02,  3.8315e-04
  2.1000e-08,  1.0318e-02, -1.4380e-02,  4.2243e-04
  2.2000e-08,  9.9396e-03, -1.5248e-02,  4.6362e-04
  2.3000e-08,  9.4823e-03, -1.6071e-02,  5.0672e-04
  2.4000e-08,  8.9506e-03, -1.6842e-02,  5.5174e-04
  2.5000e-08,  8.3497e-03, -1.7554e-02,  5.9868e-04
  2.6000e-08,  7.6856e-03, -1.8200e-02,  6.4753e-04
  2.7000e-08,  6.9649e-03, -1.8775e-02,  6.9830e-04
  2.8000e-08,  6.1946e-03, -1.9274e-02,  7.5098e-04
  2.9000e-08,  5.3823e-03, -1.9692e-02,  8.0558e-04
  3.0000e-08,  4.5358e-03, -2.0026e-02,  8.6209e-04
  3.1000e-08,  3.6635e-03, -2.0273e-02,  9.2053e-04
  3.2000e-08,  2.7736e-03, -2.0431e-02,  9.8087e-04
  3.3000e-08,  1.8750e-03, -2.0498e-02,  1.0431e-03
  3.4000e-08,  9.7613e-04, -2.0474e-02,  1.1073e-03
  3.5000e-08,  8.5848e-05, -2.0359e-02,  1.1734e-03
  3.6000e-08, -7.8726e-04, -2.0155e-02,  1.2414e-03
  3.7000e-08, -1.6347e-03, -1.9864e-02,  1.3113e-03
  3.8000e-08, -2.4483e-03, -1.9489e-02,  1.3832e-03
  3.9000e-08, -3.2202e-03, -1.9033e-02,  1.4569e-03
  4.0000e-08, -3.9427e-03, -1.8500e-02,  1.5326e-03
  4.1000e-08, -4.6088e-03, -1.7896e-02,  1.6102e-03
  4.2000e-08, -5.2119e-03, -1.7226e-02,  1.6897e-03
  4.3000e-08, -5.7461e-03, -1.6497e-02,  1.7711e-03
  4.4000e-08, -6.2060e-03, -1.5716e-02,  1.8545e-03
  4.5000e-08, -6.5869e-03, -1.4889e-02,  1.9397e-03
  4.6000e-08, -6.8849e-03, -1.4026e-02,  2.0269e-03
  4.7000e-08, -7.0967e-03, -1.3133e-02,  2.1160e-03
  4.8000e-08, -7.2200e-03, -1.2219e-02,  2.2070e-03
  4.9000e-08, -7.2532e-03, -1.1293e-02,  2.2999e-03
  5.0000e-08, -7.1956e-03, -1.0363e-02,  2.3947e-03
  5.1000e-08, -7.0471e-03, -9.4380e-03,  2.4915e-03
  5.2000e-08, -6.8087e-03, -8.5270e-03,  2.5901e-03
  5.3000e-08, -6.4821e-03, -7.6383e-03,  2.6907e-03
  5.4000e-08, -6.0699e-03, -6.7803e-03,  2.7932e-03
  5.5000e-08, -5.5754e-03, -5.9608e-03,  2.8976e-03
  5.6000e-08, -5.0026e-03, -5.1878e-03,  3.0039e-03
  5.7000e-08, -4.3564e-03, -4.4684e-03,  3.1122e-03
  5.8000e-08, -3.6422e-03, -3.8094e-03,  3.2223e-03
  5.9000e-08, -2.8661e-03, -3.2170e-03,  3.3344e-03
  6.0000e-08, -2.0348e-03, -2.6969e-03,  3.4484e-03
  6.1000e-08, -1.1553e-03, -2.2540e-03,  3.5643e-03
  6.2000e-08, -2.3546e-04, -1.8926e-03,  3.6821e-03
  6.3000e-08,  7.1692e-04, -1.6161e-03,  3.8018e-03
  6.4000e-08,  1.6935e-03, -1.4272e-03,  3.9235e-03
  6.5000e-08,  2.6859e-03, -1.3280e-03,  4.0471e-03
  6.6000e-08,  3.6853e-03, -1.3194e-03,  4.1725e-03
  6.7000e-08,  4.6831e-03, -1.4017e-03,  4.2999e-03
  6.8000e-08,  5.6706e-03, -1.5744e-03,  4.4293e-03
  6.9000e-08,  6.6391e-03, -1.8361e-03,  4.5605e-03
  7.0000e-08,  7.5804e-03, -2.1845e-03,  4.6936e-03
  7.1000e-08,  8.4862e-03, -2.6167e-03,  4.8287e-03
  7.2000e-08,  9.3486e-03, -3.1288e-03,  4.9657e-03
  7.3000e-08,  1.0160e-02, -3.7164e-03,  5.1046e-03
  7.4000e-08,  1.0914e-02, -4.3742e-03,  5.2454e-03
  7.5000e-08,  1.1604e-02, -5.0963e-03,  5.3881e-03
  7.6000e-08,  1.2223e-02, -5.8765e-03,  5.5327e-03
  7.7000e-08,  1.2767e-02, -6.7076e-03,  5.6793e-03
  7.8000e-08,  1.3232e-02, -7.5823e-03,  5.8278e-03
  7.9000e-08,  1.3613e-02, -8.4927e-03,  5.9781e-03
  8.0000e-08,  1.3907e-02, -9.4307e-03,  6.1305e-03
  8.1000e-08,  1.4112e-02, -1.0388e-02,  6.2847e-03
  8.2000e-08,  1.4227e-02, -1.1355e-02,  6.4408e-03
  8.3000e-08,  1.4251e-02, -1.2325e-02,  6.5989e-03
  8.4000e-08,  1.4184e-02, -1.3288e-02,  6.7588e-03
  8.5000e-08,  1.4027e-02, -1.4235e-02,  6.9207e-03
  8.6000e-08,  1.3783e-02, -1.5158e-02,  7.0845e-03
  8.7000e-08,  1.3454e-02, -1.6049e-02,  7.2502e-03
  8.8000e-08,  1.3043e-02, -1.6899e-02,  7.4178e-03
  8.9000e-08,  1.2555e-02, -1.7702e-02,  7.5874e-03
  9.0000e-08,  1.1995e-02, -1.8450e-02,  7.7589e-03
  9.1000e-08,  1.1367e-02, -1.9136e-02,  7.9322e-03
  9.2000e-08,  1.0680e-02, -1.9754e-02,  8.1075e-03
  9.3000e-08,  9.9378e-03, -2.0299e-02,  8.2847e-03
  9.4000e-08,  9.1496e-03, -2.0765e-02,  8.4639e-03
  9.5000e-08,  8.3225e-03, -2.1150e-02,  8.6449e-03
  9.6000e-08,  7.4645e-03, -2.1449e-02,  8.8279e-03
  9.7000e-08,  6.5840e-03, -2.1660e-02,  9.0127e-03
  9.8000e-08,  5.6895e-03, -2.1781e-02,  9.1995e-03
  9.9000e-08,  4.7898e-03, -2.1811e-02,  9.3882e-03
  1.0000e-07,  3.8933e-03, -2.1750e-02,  9.5788e-03
  1.0100e-07,  3.0090e-03, -2.1599e-02,  9.7714e-03
  1.0200e-07,  2.1453e-03, -2.1360e-02,  9.9658e-03
  1.0300e-07,  1.3106e-03, -2.1034e-02,  1.0162e-02
  1.0400e-07,  5.1296e-04, -2.0625e-02,  1.0360e-02
  1.0500e-07, -2.3976e-04, -2.0137e-02,  1.0561e-02
  1.0600e-07, -9.4022e-04, -1.9575e-02,  1.0763e-02
  1.0700e-07, -1.5816e-03, -1.8944e-02,  1.0967e-02
  1.0800e-07, -2.1574e-03, -1.8249e-02,  1.1173e-02
  1.0900e-07, -2.6621e-03, -1.7498e-02,  1.1381e-02
  1.1000e-07, -3.0905e-03, -1.6698e-02,  1.1590e-02
  1.1100e-07, -3.4382e-03, -1.5855e-02,  1.1802e-02
  1.1200e-07, -3.7016e-03, -1.4979e-02,  1.2016e-02
  1.1300e-07, -3.8778e-03, -1.4076e-02,  1.2231e-02
  1.1400e-07, -3.9647e-03, -1.3156e-02,  1.2449e-02
  1.1500e-07, -3.9611e-03, -1.2227e-02,  1.2668e-02
  1.1600e-07, -3.8665e-03, -1.1299e-02,  1.2889e-02
  1.1700e-07, -3.6815e-03, -1.0378e-02,  1.3112e-02
  1.1800e-07, -3.4071e-03, -9.4754e-03,  1.3338e-02
  1.1900e-07, -3.0454e-03, -8.5981e-03,  1.3565e-02
  1.2000e-07, -2.5994e-03, -7.7548e-03,  1.3794e-02
  1.2100e-07, -2.0726e-03, -6.9533e-03,  1.4024e-02
  1.2200e-07, -1.4694e-03, -6.2011e-03,  1.4257e-02
  1.2300e-07, -7.9495e-04, -5.5054e-03,  1.4492e-02
  1.2400e-07, -5.4883e-05, -4.8727e-03,  1.4728e-02
  1.2500e-07,  7.4445e-04, -4.3090e-03,  1.4967e-02
  1.2600e-07,  1.5962e-03, -3.8197e-03,  1.5207e-02
  1.2700e-07,  2.4929e-03, -3.4093e-03,  1.5450e-02
  1.2800e-07,  3.4270e-03, -3.0819e-03,  1.5694e-02
  1.2900e-07,  4.3902e-03, -2.8407e-03,  1.5940e-02
  1.3000e-07,  5.3742e-03, -2.6880e-03,  1.6188e-02
  1.3100e-07,  6.3705e-03, -2.6254e-03,  1.6438e-02
  1.3200e-07,  7.3703e-03, -2.6537e-03,  1.6690e-02
  1.3300e-07,  8.3649e-03, -2.7728e-03,  1.6944e-02
  1.3400e-07,  9.3458e-03, -2.9818e-03,  1.7200e-02
  1.3500e-07,  1.0304e-02, -3.2790e-03,  1.7457e-02
  1.3600e-07,  1.1232e-02, -3.6618e-03,  1.7717e-02
  1.3700e-07,  1.2121e-02, -4.1268e-03,  1.7979e-02
  1.3800e-07,  1.2964e-02, -4.6701e-03,  1.8242e-02
  1.3900e-07,  1.3753e-02, -5.2868e-03,  1.8507e-02
  1.4000e-07,  1.4482e-02, -5.9715e-03,  1.8775e-02
  1.4100e-07,  1.5143e-02, -6.7180e-03,  1.9044e-02
  1.4200e-07,  1.5733e-02, -7.5197e-03,  1.9315e-02
  1.4300e-07,  1.6245e-02, -8.3694e-03,  1.9588e-02
  1.4400e-07,  1.6676e-02, -9.2595e-03,  1.9863e-02
  1.4500e-07,  1.7022e-02, -1.0182e-02,  2.0139e-02
  1.4600e-07,  1.7280e-02, -1.1129e-02,  2.0418e-02
  1.4700e-07,  1.7449e-02, -1.2091e-02,  2.0699e-02
  1.4800e-07,  1.7527e-02, -1.3061e-02,  2.0981e-02
  1.4900e-07,  1.7514e-02, -1.4028e-02,  2.1266e-02
  1.5000e-07,  1.7411e-02, -1.4986e-02,  2.1552e-02
  1.5100e-07,  1.7218e-02, -1.5924e-02,  2.1841e-02
  1.5200e-07,  1.6939e-02, -1.6835e-02,  2.2131e-02
  1.5300e-07,  1.6577e-02, -1.7711e-02,  2.2423e-02
  1.5400e-07,  1.6134e-02, -1.8543e-02,  2.2717e-02
  1.5500e-07,  1.5616e-02, -1.9324e-02,  2.3013e-02
  1.5600e-07,  1.5028e-02, -2.0048e-02,  2.3311e-02
  1.5700e-07,  1.4375e-02, -2.0707e-02,  2.3611e-02
  1.5800e-07,  1.3665e-02, -2.1296e-02,  2.3913e-02
  1.5900e-07,  1.2903e-02, -2.1809e-02,  2.4216e-02
  1.6000e-07,  1.2098e-02, -2.2243e-02,  2.4522e-02
  1.6100e-07,  1.1258e-02, -2.2593e-02,  2.4829e-02
  1.6200e-07,  1.0389e-02, -2.2857e-02,  2.5139e-02
  1.6300e-07,  9.5022e-03, -2.3031e-02,  2.5450e-02
  1.6400e-07,  8.6046e-03, -2.3116e-02,  2.5763e-02
  1.6500e-07,  7.7051e-03, -2.3109e-02,  2.6078e-02
  1.6600e-07,  6.8125e-03, -2.3011e-02,  2.6395e-02
  1.6700e-07,  5.9355e-03, -2.2824e-02,  2.6714e-02
  1.6800e-07,  5.0826e-03, -2.2550e-02,  2.7035e-02
  1.6900e-07,  4.2620e-03, -2.2190e-02,  2.7358e-02
  1.7000e-07,  3.4816e-03, -2.1749e-02,  2.7683e-02
  1.7100e-07,  2.7492e-03, -2.1230e-02,  2.8009e-02
  1.7200e-07,  2.0720e-03, -2.0639e-02,  2.8338e-02
  1.7300e-07,  1.4564e-03, -1.9981e-02,  2.8668e-02
  1.7400e-07,  9.0877e-04, -1.9263e-02,  2.9001e-02
  1.7500e-07,  4.3446e-04, -1.8491e-02,  2.9335e-02
  1.7600e-07,  3.8303e-05, -1.7673e-02,  2.9671e-02
  1.7700e-07, -2.7561e-04, -1.6815e-02,  3.0010e-02
  1.7800e-07, -5.0394e-04, -1.5927e-02,  3.0350e-02
  1.7900e-07, -6.4414e-04, -1.5016e-02,  3.0692e-02
  1.8000e-07, -6.9446e-04, -1.4092e-02,  3.1035e-02
  1.8100e-07, -6.5398e-04, -1.3162e-02,  3.1381e-02
  1.8200e-07, -5.2262e-04, -1.2236e-02,  3.1729e-02
  1.8300e-07, -3.0113e-04, -1.1322e-02,  3.2079e-02
  1.8400e-07,  8.9384e-06, -1.0428e-02,  3.2430e-02
  1.8500e-07,  4.0518e-04, -9.5635e-03,  3.2784e-02
  1.8600e-07,  8.8444e-04, -8.7362e-03,  3.3139e-02
  1.8700e-07,  1.4428e-03, -7.9538e-03,  3.3496e-02
  1.8800e-07,  2.0755e-03, -7.2237e-03,  3.3855e-02
  1.8900e-07,  2.7773e-03, -6.5528e-03,  3.4217e-02
  1.9000e-07,  3.5422e-03, -5.9474e-03,  3.4580e-02
  1.9100e-07,  4.3636e-03, -5.4133e-03,  3.4945e-02
  1.9200e-07,  5.2345e-03, -4.9554e-03,  3.5311e-02
  1.9300e-07,  6.1474e-03, -4.5783e-03,  3.5680e-02
  1.9400e-07,  7.0942e-03, -4.2855e-03,  3.6051e-02
  1.9500e-07,  8.0669e-03, -4.0799e-03,  3.6424e-02
  1.9600e-07,  9.0569e-03, -3.9636e-03,  3.6798e-02
  1.9700e-07,  1.0056e-02, -3.9378e-03,  3.7174e-02
  1.9800e-07,  1.1054e-02, -4.0030e-03,  3.7553e-02
  1.9900e-07,  1.2045e-02, -4.1587e-03,  3.7933e-02
  2.0000e-07,  1.3017e-02, -4.4037e-03,  3.8315e-02
  2.0100e-07,  1.3964e-02, -4.7359e-03,  3.8699e-02
  2.0200e-07,  1.4877e-02, -5.1525e-03,  3.9085e-02
  2.0300e-07,  1.5749e-02, -5.6498e-03,  3.9473e-02
  2.0400e-07,  1.6570e-02, -6.2235e-03,  3.9863e-02
  2.0500e-07,  1.7336e-02, -6.8685e-03,  4.0255e-02
  2.0600e-07,  1.8038e-02, -7.5790e-03,  4.0649e-02
  2.0700e-07,  1.8671e-02, -8.3487e-03,  4.1044e-02
  2.0800e-07,  1.9230e-02, -9.1707e-03,  4.1442e-02
  2.0900e-07,  1.9710e-02, -1.0038e-02,  4.1841e-02
  2.1000e-07,  2.0107e-02, -1.0942e-02,  4.2243e-02
  2.1100e-07,  2.0417e-02, -1.1875e-02,  4.2646e-02
  2.1200e-07,  2.0639e-02, -1.2830e-02,  4.3051e-02
  2.1300e-07,  2.0771e-02, -1.3796e-02,  4.3458e-02
  2.1400e-07,  2.0812e-02, -1.4766e-02,  4.3867e-02
  2.1500e-07,  2.0763e-02, -1.5730e-02,  4.4278e-02
  2.1600e-07,  2.0623e-02, -1.6681e-02,  4.4691e-02
  2.1700e-07,  2.0395e-02, -1.7609e-02,  4.5106e-02
  2.1800e-07,  2.0082e-02, -1.8507e-02,  4.5522e-02
  2.1900e-07,  1.9686e-02, -1.9366e-02,  4.5941e-02
  2.2000e-07,  1.9213e-02, -2.0178e-02,  4.6362e-02
  2.2100e-07,  1.8665e-02, -2.0937e-02,  4.6784e-02
  2.2200e-07,  1.8050e-02, -2.1635e-02,  4.7208e-02
  2.2300e-07,  1.7373e-02, -2.2266e-02,  4.7635e-02
  2.2400e-07,  1.6641e-02, -2.2825e-02,  4.8063e-02
  2.2500e-07,  1.5861e-02, -2.3307e-02,  4.8493e-02
  2.2600e-07,  1.5041e-02, -2.3707e-02,  4.8925e-02
  2.2700e-07,  1.4188e-02, -2.4023e-02,  4.9359e-02
  2.2800e-07,  1.3311e-02, -2.4250e-02,  4.9795e-02
  2.2900e-07,  1.2419e-02, -2.4388e-02,  5.0232e-02
  2.3000e-07,  1.1519e-02, -2.4436e-02,  5.0672e-02
  2.3100e-07,  1.0622e-02, -2.4392e-02,  5.1114e-02
  2.3200e-07,  9.7343e-03, -2.4258e-02,  5.1557e-02
  2.3300e-07,  8.8660e-03, -2.4035e-02,  5.2003e-02
  2.3400e-07,  8.0252e-03, -2.3726e-02,  5.2450e-02
  2.3500e-07,  7.2200e-03, -2.3333e-02,  5.2899e-02
  2.3600e-07,  6.4582e-03, -2.2859e-02,  5.3350e-02
  2.3700e-07,  5.7473e-03, -2.2311e-02,  5.3803e-02
  2.3800e-07,  5.0943e-03, -2.1692e-02,  5.4258e-02
  2.3900e-07,  4.5056e-03, -2.1009e-02,  5.4715e-02
  2.4000e-07,  3.9870e-03, -2.0268e-02,  5.5174e-02
  2.4100e-07,  3.5439e-03, -1.9476e-02,  5.5635e-02
  2.4200e-07,  3.1806e-03, -1.8641e-02,  5.6097e-02
  2.4300e-07,  2.9011e-03, -1.7770e-02,  5.6562e-02
  2.4400e-07,  2.7082e-03, -1.6872e-02,  5.7029e-02
  2.4500e-07,  2.6043e-03, -1.5955e-02,  5.7497e-02
  2.4600e-07,  2.5907e-03, -1.5027e-02,  5.7967e-02
  2.4700e-07,  2.6681e-03, -1.4098e-02,  5.8440e-02
  2.4800e-07,  2.8361e-03, -1.3175e-02,  5.8914e-02
  2.4900e-07,  3.0938e-03, -1.2268e-02,  5.9390e-02
  2.5000e-07,  3.4391e-03, -1.1385e-02,  5.9868e-02
  2.5100e-07,  3.8694e-03, -1.0535e-02,  6.0348e-02
  2.5200e-07,  4.3813e-03, -9.7250e-03,  6.0829e-02
  2.5300e-07,  4.9704e-03, -8.9630e-03,  6.1313e-02
  2.5400e-07,  5.6318e-03, -8.2561e-03,  6.1799e-02
  2.5500e-07,  6.3599e-03, -7.6110e-03,  6.2286e-02
  2.5600e-07,  7.1486e-03, -7.0338e-03,  6.2776e-02
  2.5700e-07,  7.9909e-03, -6.5300e-03,  6.3267e-02
  2.5800e-07,  8.8798e-03, -6.1044e-03,  6.3761e-02
  2.5900e-07,  9.8074e-03, -5.7611e-03,  6.4256e-02
  2.6000e-07,  1.0766e-02, -5.5034e-03,  6.4753e-02
  2.6100e-07,  1.1746e-02, -5.3338e-03,  6.5252e-02
  2.6200e-07,  1.2741e-02, -5.2541e-03,  6.5753e-02
  2.6300e-07,  1.3741e-02, -5.2652e-03,  6.6256e-02
  2.6400e-07,  1.4737e-02, -5.3672e-03,  6.6761e-02
  2.6500e-07,  1.5721e-02, -5.5593e-03,  6.7267e-02
  2.6600e-07,  1.6685e-02, -5.8399e-03,  6.7776e-02
  2.6700e-07,  1.7619e-02, -6.2068e-03,  6.8287e-02
  2.6800e-07,  1.8516e-02, -6.6566e-03,  6.8799e-02
  2.6900e-07,  1.9368e-02, -7.1854e-03,  6.9313e-02
  2.7000e-07,  2.0168e-02, -7.7886e-03,  6.9830e-02
  2.7100e-07,  2.0908e-02, -8.4609e-03,  7.0348e-02
  2.7200e-07,  2.1583e-02, -9.1962e-03,  7.0868e-02
  2.7300e-07,  2.2187e-02, -9.9880e-03,  7.1390e-02
  2.7400e-07,  2.2714e-02, -1.0829e-02,  7.1914e-02
  2.7500e-07,  2.3161e-02, -1.1712e-02,  7.2440e-02
  2.7600e-07,  2.3523e-02, -1.2629e-02,  7.2968e-02
  2.7700e-07,  2.3798e-02, -1.3572e-02,  7.3497e-02
  2.7800e-07,  2.3984e-02, -1.4532e-02,  7.4029e-02
  2.7900e-07,  2.4079e-02, -1.5501e-02,  7.4563e-02
  2.8000e-07,  2.4083e-02, -1.6470e-02,  7.5098e-02
  2.8100e-07,  2.3997e-02, -1.7430e-02,  7.5635e-02
  2.8200e-07,  2.3821e-02, -1.8372e-02,  7.6175e-02
  2.8300e-07,  2.3558e-02, -1.9289e-02,  7.6716e-02
  2.8400e-07,  2.3211e-02, -2.0172e-02,  7.7259e-02
  2.8500e-07,  2.2783e-02, -2.1013e-02,  7.7804e-02
  2.8600e-07,  2.2279e-02, -2.1804e-02,  7.8351e-02
  2.8700e-07,  2.1704e-02, -2.2539e-02,  7.8900e-02
  2.8800e-07,  2.1063e-02, -2.3211e-02,  7.9451e-02
  2.8900e-07,  2.0362e-02, -2.3814e-02,  8.0003e-02
  2.9000e-07,  1.9610e-02, -2.4342e-02,  8.0558e-02
  2.9100e-07,  1.8813e-02, -2.4791e-02,  8.1115e-02
  2.9200e-07,  1.7978e-02, -2.5158e-02,  8.1673e-02
  2.9300e-07,  1.7115e-02, -2.5438e-02,  8.2233e-02
  2.9400e-07,  1.6230e-02, -2.5629e-02,  8.2796e-02
  2.9500e-07,  1.5334e-02, -2.5730e-02,  8.3360e-02
  2.9600e-07,  1.4434e-02, -2.5741e-02,  8.3926e-02
  2.9700e-07,  1.3540e-02, -2.5661e-02,  8.4494e-02
  2.9800e-07,  1.2659e-02, -2.5490e-02,  8.5064e-02
  2.9900e-07,  1.1801e-02, -2.5232e-02,  8.5636e-02
  3.0000e-07,  1.0974e-02, -2.4888e-02,  8.6209e-02
  3.0100e-07,  1.0185e-02, -2.4462e-02,  8.6785e-02
  3.0200e-07,  9.4431e-03, -2.3958e-02,  8.7363e-02
  3.0300e-07,  8.7549e-03, -2.3380e-02,  8.7942e-02
  3.0400e-07,  8.1272e-03, -2.2734e-02,  8.8524e-02
  3.0500e-07,  7.5663e-03, -2.2027e-02,  8.9107e-02
  3.0600e-07,  7.0777e-03, -2.1265e-02,  8.9692e-02
  3.0700e-07,  6.6665e-03, -2.0454e-02,  9.0280e-02
  3.0800e-07,  6.3367e-03, -1.9604e-02,  9.0869e-02
  3.0900e-07,  6.0920e-03, -1.8721e-02,  9.1460e-02
  3.1000e-07,  5.9350e-03, -1.7814e-02,  9.2053e-02
  3.1100e-07,  5.8676e-03, -1.6891e-02,  9.2647e-02
  3.1200e-07,  5.8908e-03, -1.5962e-02,  9.3244e-02
  3.1300e-07,  6.0051e-03, -1.5034e-02,  9.3843e-02
  3.1400e-07,  6.2096e-03, -1.4117e-02,  9.4443e-02
  3.1500e-07,  6.5031e-03, -1.3219e-02,  9.5046e-02
  3.1600e-07,  6.8833e-03, -1.2348e-02,  9.5650e-02
  3.1700e-07,  7.3471e-03, -1.1513e-02,  9.6257e-02
  3.1800e-07,  7.8908e-03, -1.0722e-02,  9.6865e-02
  3.1900e-07,  8.5099e-03, -9.9812e-03,  9.7475e-02
  3.2000e-07,  9.1991e-03, -9.2986e-03,  9.8087e-02
  3.2100e-07,  9.9525e-03, -8.6804e-03,  9.8701e-02
  3.2200e-07,  1.0764e-02, -8.1323e-03,  9.9317e-02
  3.2300e-07,  1.1626e-02, -7.6597e-03,  9.9935e-02
  3.2400e-07,  1.2531e-02, -7.2670e-03,  1.0055e-01
  3.2500e-07,  1.3472e-02, -6.9580e-03,  1.0118e-01
  3.2600e-07,  1.4441e-02, -6.7358e-03,  1.0180e-01
  3.2700e-07,  1.5428e-02, -6.6025e-03,  1.0243e-01
  3.2800e-07,  1.6426e-02, -6.5595e-03,  1.0305e-01
  3.2900e-07,  1.7425e-02, -6.6075e-03,  1.0368e-01
  3.3000e-07,  1.8418e-02, -6.7462e-03,  1.0431e-01
  3.3100e-07,  1.9395e-02, -6.9744e-03,  1.0495e-01
  3.3200e-07,  2.0347e-02, -7.2903e-03,  1.0558e-01
  3.3300e-07,  2.1267e-02, -7.6912e-03,  1.0622e-01
  3.3400e-07,  2.2147e-02, -8.1736e-03,  1.0686e-01
  3.3500e-07,  2.2979e-02, -8.7332e-03,  1.0750e-01
  3.3600e-07,  2.3755e-02, -9.3651e-03,  1.0814e-01
  3.3700e-07,  2.4470e-02, -1.0064e-02,  1.0879e-01
  3.3800e-07,  2.5116e-02, -1.0823e-02,  1.0943e-01
  3.3900e-07,  2.5690e-02, -1.1635e-02,  1.1008e-01
  3.4000e-07,  2.6185e-02, -1.2495e-02,  1.1073e-01
  3.4100e-07,  2.6598e-02, -1.3392e-02,  1.1138e-01
  3.4200e-07,  2.6925e-02, -1.4321e-02,  1.1204e-01
  3.4300e-07,  2.7164e-02, -1.5272e-02,  1.1269e-01
  3.4400e-07,  2.7313e-02, -1.6236e-02,  1.1335e-01
  3.4500e-07,  2.7371e-02, -1.7206e-02,  1.1401e-01
  3.4600e-07,  2.7338e-02, -1.8172e-02,  1.1467e-01
  3.4700e-07,  2.7216e-02, -1.9127e-02,  1.1534e-01
  3.4800e-07,  2.7004e-02, -2.0060e-02,  1.1600e-01
  3.4900e-07,  2.6707e-02, -2.0964e-02,  1.1667e-01
  3.5000e-07,  2.6327e-02, -2.1831e-02,  1.1734e-01
  3.5100e-07,  2.5867e-02, -2.2652e-02,  1.1801e-01
  3.5200e-07,  2.5334e-02, -2.3422e-02,  1.1869e-01
  3.5300e-07,  2.4731e-02, -2.4132e-02,  1.1936e-01
  3.5400e-07,  2.4065e-02, -2.4776e-02,  1.2004e-01
  3.5500e-07,  2.3343e-02, -2.5349e-02,  1.2072e-01
  3.5600e-07,  2.2572e-02, -2.5846e-02,  1.2140e-01
  3.5700e-07,  2.1758e-02, -2.6262e-02,  1.2208e-01
  3.5800e-07,  2.0911e-02, -2.6594e-02,  1.2277e-01
  3.5900e-07,  2.0038e-02, -2.6838e-02,  1.2345e-01
  3.6000e-07,  1.9148e-02, -2.6993e-02,  1.2414e-01
  3.6100e-07,  1.8249e-02, -2.7058e-02,  1.2483e-01
  3.6200e-07,  1.7350e-02, -2.7031e-02,  1.2552e-01
  3.6300e-07,  1.6460e-02, -2.6914e-02,  1.2622e-01
  3.6400e-07,  1.5588e-02, -2.6708e-02,  1.2692e-01
  3.6500e-07,  1.4741e-02, -2.6415e-02,  1.2761e-01
  3.6600e-07,  1.3929e-02, -2.6037e-02,  1.2831e-01
  3.6700e-07,  1.3158e-02, -2.5578e-02,  1.2902e-01
  3.6800e-07,  1.2437e-02, -2.5044e-02,  1.2972e-01
  3.6900e-07,  1.1772e-02, -2.4438e-02,  1.3043e-01
  3.7000e-07,  1.1171e-02, -2.3767e-02,  1.3113e-01
  3.7100e-07,  1.0639e-02, -2.3036e-02,  1.3184e-01
  3.7200e-07,  1.0181e-02, -2.2253e-02,  1.3256e-01
  3.7300e-07,  9.8024e-03, -2.1426e-02,  1.3327e-01
  3.7400e-07,  9.5068e-03, -2.0561e-02,  1.3398e-01
  3.7500e-07,  9.2974e-03, -1.9667e-02,  1.3470e-01
  3.7600e-07,  9.1765e-03, -1.8753e-02,  1.3542e-01
  3.7700e-07,  9.1458e-03, -1.7827e-02,  1.3614e-01
  3.7800e-07,  9.2059e-03, -1.6897e-02,  1.3687e-01
  3.7900e-07,  9.3569e-03, -1.5972e-02,  1.3759e-01
  3.8000e-07,  9.5977e-03, -1.5062e-02,  1.3832e-01
  3.8100e-07,  9.9267e-03, -1.4174e-02,  1.3905e-01
  3.8200e-07,  1.0341e-02, -1.3317e-02,  1.3978e-01
  3.8300e-07,  1.0838e-02, -1.2498e-02,  1.4051e-01
  3.8400e-07,  1.1413e-02, -1.1727e-02,  1.4125e-01
  3.8500e-07,  1.2061e-02, -1.1009e-02,  1.4198e-01
  3.8600e-07,  1.2777e-02, -1.0352e-02,  1.4272e-01
  3.8700e-07,  1.3555e-02, -9.7613e-03,  1.4346e-01
  3.8800e-07,  1.4387e-02, -9.2432e-03,  1.4420e-01
  3.8900e-07,  1.5268e-02, -8.8025e-03,  1.4495e-01
  3.9000e-07,  1.6189e-02, -8.4433e-03,  1.4569e-01
  3.9100e-07,  1.7142e-02, -8.1692e-03,  1.4644e-01
  3.9200e-07,  1.8119e-02, -7.9828e-03,  1.4719e-01
  3.9300e-07,  1.9112e-02, -7.8860e-03,  1.4794e-01
  3.9400e-07,  2.0111e-02, -7.8799e-03,  1.4870e-01
  3.9500e-07,  2.1109e-02, -7.9647e-03,  1.4945e-01
  3.9600e-07,  2.2096e-02, -8.1399e-03,  1.5021e-01
  3.9700e-07,  2.3064e-02, -8.4040e-03,  1.5097e-01
  3.9800e-07,  2.4004e-02, -8.7547e-03,  1.5173e-01
  3.9900e-07,  2.4909e-02, -9.1891e-03,  1.5250e-01
  4.0000e-07,  2.5770e-02, -9.7034e-03,  1.5326e-01
  4.0100e-07,  2.6580e-02, -1.0293e-02,  1.5403e-01
  4.0200e-07,  2.7332e-02, -1.0953e-02,  1.5480e-01
  4.0300e-07,  2.8020e-02, -1.1676e-02,  1.5557e-01
  4.0400e-07,  2.8638e-02, -1.2458e-02,  1.5634e-01
  4.0500e-07,  2.9180e-02, -1.3291e-02,  1.5712e-01
  4.0600e-07,  2.9642e-02, -1.4166e-02,  1.5789e-01
  4.0700e-07,  3.0020e-02, -1.5078e-02,  1.5867e-01
  4.0800e-07,  3.0312e-02, -1.6016e-02,  1.5945e-01
  4.0900e-07,  3.0515e-02, -1.6974e-02,  1.6024e-01
  4.1000e-07,  3.0627e-02, -1.7941e-02,  1.6102e-01
  4.1100e-07,  3.0648e-02, -1.8911e-02,  1.6181e-01
  4.1200e-07,  3.0579e-02, -1.9873e-02,  1.6259e-01
  4.1300e-07,  3.0420e-02, -2.0820e-02,  1.6339e-01
  4.1400e-07,  3.0174e-02, -2.1742e-02,  1.6418e-01
  4.1500e-07,  2.9842e-02, -2.2632e-02,  1.6497e-01
  4.1600e-07,  2.9429e-02, -2.3481e-02,  1.6577e-01
  4.1700e-07,  2.8939e-02, -2.4283e-02,  1.6657e-01
  4.1800e-07,  2.8377e-02, -2.5029e-02,  1.6737e-01
  4.1900e-07,  2.7748e-02, -2.5713e-02,  1.6817e-01
  4.2000e-07,  2.7059e-02, -2.6329e-02,  1.6897e-01
  4.2100e-07,  2.6315e-02, -2.6872e-02,  1.6978e-01
  4.2200e-07,  2.5526e-02, -2.7336e-02,  1.7058e-01
  4.2300e-07,  2.4698e-02, -2.7719e-02,  1.7139e-01
  4.2400e-07,  2.3839e-02, -2.8015e-02,  1.7220e-01
  4.2500e-07,  2.2958e-02, -2.8224e-02,  1.7302e-01
  4.2600e-07,  2.2064e-02, -2.8342e-02,  1.7383e-01
  4.2700e-07,  2.1164e-02, -2.8370e-02,  1.7465e-01
  4.2800e-07,  2.0268e-02, -2.8306e-02,  1.7547e-01
  4.2900e-07,  1.9384e-02, -2.8153e-02,  1.7629e-01
  4.3000e-07,  1.8521e-02, -2.7911e-02,  1.7711e-01
  4.3100e-07,  1.7687e-02, -2.7583e-02,  1.7794e-01
  4.3200e-07,  1.6890e-02, -2.7172e-02,  1.7876e-01
  4.3300e-07,  1.6139e-02, -2.6682e-02,  1.7959e-01
  4.3400e-07,  1.5440e-02, -2.6118e-02,  1.8042e-01
  4.3500e-07,  1.4800e-02, -2.5485e-02,  1.8126e-01
  4.3600e-07,  1.4226e-02, -2.4789e-02,  1.8209e-01
  4.3700e-07,  1.3724e-02, -2.4036e-02,  1.8293e-01
  4.3800e-07,  1.3298e-02, -2.3235e-02,  1.8376e-01
  4.3900e-07,  1.2952e-02, -2.2391e-02,  1.8460e-01
  4.4000e-07,  1.2691e-02, -2.1514e-02,  1.8545e-01
  4.4100e-07,  1.2517e-02, -2.0610e-02,  1.8629e-01
  4.4200e-07,  1.2433e-02, -1.9690e-02,  1.8714e-01
  4.4300e-07,  1.2439e-02, -1.8761e-02,  1.8798e-01
  4.4400e-07,  1.2536e-02, -1.7833e-02,  1.8883e-01
  4.4500e-07,  1.2724e-02, -1.6913e-02,  1.8968e-01
  4.4600e-07,  1.3000e-02, -1.6010e-02,  1.9054e-01
  4.4700e-07,  1.3364e-02, -1.5134e-02,  1.9139e-01
  4.4800e-07,  1.3813e-02, -1.4292e-02,  1.9225e-01
  4.4900e-07,  1.4342e-02, -1.3491e-02,  1.9311e-01
  4.5000e-07,  1.4947e-02, -1.2741e-02,  1.9397e-01
  4.5100e-07,  1.5623e-02, -1.2047e-02,  1.9483e-01
  4.5200e-07,  1.6365e-02, -1.1416e-02,  1.9570e-01
  4.5300e-07,  1.7166e-02, -1.0854e-02,  1.9657e-01
  4.5400e-07,  1.8019e-02, -1.0367e-02,  1.9744e-01
  4.5500e-07,  1.8917e-02, -9.9587e-03,  1.9831e-01
  4.5600e-07,  1.9852e-02, -9.6336e-03,  1.9918e-01
  4.5700e-07,  2.0816e-02, -9.3948e-03,  2.0005e-01
  4.5800e-07,  2.1800e-02, -9.2445e-03,  2.0093e-01
  4.5900e-07,  2.2796e-02, -9.1844e-03,  2.0181e-01
  4.6000e-07,  2.3796e-02, -9.2152e-03,  2.0269e-01
  4.6100e-07,  2.4791e-02, -9.3368e-03,  2.0357e-01
  4.6200e-07,  2.5771e-02, -9.5483e-03,  2.0445e-01
  4.6300e-07,  2.6729e-02, -9.8478e-03,  2.0534e-01
  4.6400e-07,  2.7656e-02, -1.0233e-02,  2.0623e-01
  4.6500e-07,  2.8544e-02, -1.0700e-02,  2.0712e-01
  4.6600e-07,  2.9385e-02, -1.1246e-02,  2.0801e-01
  4.6700e-07,  3.0172e-02, -1.1864e-02,  2.0890e-01
  4.6800e-07,  3.0899e-02, -1.2551e-02,  2.0980e-01
  4.6900e-07,  3.1559e-02, -1.3299e-02,  2.1070e-01
  4.7000e-07,  3.2147e-02, -1.4102e-02,  2.1160e-01
  4.7100e-07,  3.2657e-02, -1.4953e-02,  2.1250e-01
  4.7200e-07,  3.3085e-02, -1.5844e-02,  2.1340e-01
  4.7300e-07,  3.3429e-02, -1.6767e-02,  2.1431e-01
  4.7400e-07,  3.3685e-02, -1.7714e-02,  2.1521e-01
  4.7500e-07,  3.3851e-02, -1.8677e-02,  2.1612e-01
  4.7600e-07,  3.3926e-02, -1.9647e-02,  2.1703e-01
  4.7700e-07,  3.3911e-02, -2.0614e-02,  2.1795e-01
  4.7800e-07,  3.3805e-02, -2.1571e-02,  2.1886e-01
  4.7900e-07,  3.3611e-02, -2.2509e-02,  2.1978e-01
  4.8000e-07,  3.3329e-02, -2.3419e-02,  2.2070e-01
  4.8100e-07,  3.2964e-02, -2.4294e-02,  2.2162e-01
  4.8200e-07,  3.2519e-02, -2.5124e-02,  2.2254e-01
  4.8300e-07,  3.1999e-02, -2.5904e-02,  2.2346e-01
  4.8400e-07,  3.1409e-02, -2.6626e-02,  2.2439e-01
  4.8500e-07,  3.0755e-02, -2.7283e-02,  2.2532e-01
  4.8600e-07,  3.0043e-02, -2.7870e-02,  2.2625e-01
  4.8700e-07,  2.9280e-02, -2.8382e-02,  2.2718e-01
  4.8800e-07,  2.8474e-02, -2.8813e-02,  2.2811e-01
  4.8900e-07,  2.7633e-02, -2.9161e-02,  2.2905e-01
  4.9000e-07,  2.6764e-02, -2.9422e-02,  2.2999e-01
  4.9100e-07,  2.5876e-02, -2.9594e-02,  2.3093e-01
  4.9200e-07,  2.4979e-02, -2.9676e-02,  2.3187e-01
  4.9300e-07,  2.4079e-02, -2.9667e-02,  2.3281e-01
  4.9400e-07,  2.3187e-02, -2.9567e-02,  2.3376e-01
  4.9500e-07,  2.2310e-02, -2.9378e-02,  2.3471e-01
  4.9600e-07,  2.1458e-02, -2.9100e-02,  2.3565e-01
  4.9700e-07,  2.0639e-02, -2.8738e-02,  2.3661e-01
  4.9800e-07,  1.9860e-02, -2.8295e-02,  2.3756e-01
  4.9900e-07,  1.9129e-02, -2.7774e-02,  2.3851e-01
  5.0000e-07,  1.8453e-02, -2.7181e-02,  2.3947e-01
  5.0100e-07,  1.7839e-02, -2.6522e-02,  2.4043e-01
  5.0200e-07,  1.7293e-02, -2.5802e-02,  2.4139e-01
  5.0300e-07,  1.6821e-02, -2.5029e-02,  2.4235e-01
  5.0400e-07,  1.6427e-02, -2.4209e-02,  2.4332e-01
  5.0500e-07,  1.6116e-02, -2.3351e-02,  2.4428e-01
  5.0600e-07,  1.5890e-02, -2.2462e-02,  2.4525e-01
  5.0700e-07,  1.5752e-02, -2.1551e-02,  2.4622e-01
  5.0800e-07,  1.5704e-02, -2.0626e-02,  2.4720e-01
  5.0900e-07,  1.5747e-02, -1.9696e-02,  2.4817e-01
  5.1000e-07,  1.5881e-02, -1.8770e-02,  2.4915e-01
  5.1100e-07,  1.6105e-02, -1.7856e-02,  2.5012e-01
  5.1200e-07,  1.6417e-02, -1.6963e-02,  2.5110e-01
  5.1300e-07,  1.6816e-02, -1.6100e-02,  2.5209e-01
  5.1400e-07,  1.7297e-02, -1.5274e-02,  2.5307e-01
  5.1500e-07,  1.7858e-02, -1.4493e-02,  2.5405e-01
  5.1600e-07,  1.8492e-02, -1.3764e-02,  2.5504e-01
  5.1700e-07,  1.9196e-02, -1.3095e-02,  2.5603e-01
  5.1800e-07,  1.9963e-02, -1.2491e-02,  2.5702e-01
  5.1900e-07,  2.0785e-02, -1.1959e-02,  2.5802e-01
  5.2000e-07,  2.1658e-02, -1.1503e-02,  2.5901e-01
  5.2100e-07,  2.2572e-02, -1.1129e-02,  2.6001e-01
  5.2200e-07,  2.3519e-02, -1.0838e-02,  2.6101e-01
  5.2300e-07,  2.4492e-02, -1.0635e-02,  2.6201e-01
  5.2400e-07,  2.5483e-02, -1.0521e-02,  2.6301e-01
  5.2500e-07,  2.6482e-02, -1.0498e-02,  2.6402e-01
  5.2600e-07,  2.7480e-02, -1.0566e-02,  2.6502e-01
  5.2700e-07,  2.8470e-02, -1.0724e-02,  2.6603e-01
  5.2800e-07,  2.9442e-02, -1.0971e-02,  2.6704e-01
  5.2900e-07,  3.0389e-02, -1.1306e-02,  2.6806e-01
  5.3000e-07,  3.1301e-02, -1.1725e-02,  2.6907e-01
  5.3100e-07,  3.2171e-02, -1.2224e-02,  2.7009e-01
  5.3200e-07,  3.2991e-02, -1.2800e-02,  2.7110e-01
  5.3300e-07,  3.3754e-02, -1.3447e-02,  2.7212e-01
  5.3400e-07,  3.4455e-02, -1.4159e-02,  2.7315e-01
  5.3500e-07,  3.5086e-02, -1.4930e-02,  2.7417e-01
  5.3600e-07,  3.5643e-02, -1.5753e-02,  2.7520e-01
  5.3700e-07,  3.6120e-02, -1.6622e-02,  2.7622e-01
  5.3800e-07,  3.6515e-02, -1.7527e-02,  2.7725e-01
  5.3900e-07,  3.6823e-02, -1.8461e-02,  2.7829e-01
  5.4000e-07,  3.7043e-02, -1.9415e-02,  2.7932e-01
  5.4100e-07,  3.7172e-02, -2.0382e-02,  2.8035e-01
  5.4200e-07,  3.7211e-02, -2.1352e-02,  2.8139e-01
  5.4300e-07,  3.7159e-02, -2.2316e-02,  2.8243e-01
  5.4400e-07,  3.7017e-02, -2.3266e-02,  2.8347e-01
  5.4500e-07,  3.6786e-02, -2.4194e-02,  2.8452e-01
  5.4600e-07,  3.6471e-02, -2.5090e-02,  2.8556e-01
  5.4700e-07,  3.6073e-02, -2.5948e-02,  2.8661e-01
  5.4800e-07,  3.5597e-02, -2.6759e-02,  2.8766e-01
  5.4900e-07,  3.5048e-02, -2.7516e-02,  2.8871e-01
  5.5000e-07,  3.4431e-02, -2.8213e-02,  2.8976e-01
  5.5100e-07,  3.3753e-02, -2.8842e-02,  2.9081e-01
  5.5200e-07,  3.3019e-02, -2.9399e-02,  2.9187e-01
  5.5300e-07,  3.2238e-02, -2.9879e-02,  2.9293e-01
  5.5400e-07,  3.1417e-02, -3.0277e-02,  2.9399e-01
  5.5500e-07,  3.0563e-02, -3.0590e-02,  2.9505e-01
  5.5600e-07,  2.9686e-02, -3.0815e-02,  2.9612e-01
  5.5700e-07,  2.8793e-02, -3.0950e-02,  2.9718e-01
  5.5800e-07,  2.7893e-02, -3.0995e-02,  2.9825e-01
  5.5900e-07,  2.6996e-02, -3.0949e-02,  2.9932e-01
  5.6000e-07,  2.6109e-02, -3.0813e-02,  3.0039e-01
  5.6100e-07,  2.5241e-02, -3.0587e-02,  3.0147e-01
  5.6200e-07,  2.4401e-02, -3.0276e-02,  3.0254e-01
  5.6300e-07,  2.3597e-02, -2.9880e-02,  3.0362e-01
  5.6400e-07,  2.2837e-02, -2.9405e-02,  3.0470e-01
  5.6500e-07,  2.2127e-02, -2.8854e-02,  3.0578e-01
  5.6600e-07,  2.1476e-02, -2.8234e-02,  3.0686e-01
  5.6700e-07,  2.0889e-02, -2.7549e-02,  3.0795e-01
  5.6800e-07,  2.0373e-02, -2.6807e-02,  3.0904e-01
  5.6900e-07,  1.9931e-02, -2.6013e-02,  3.1013e-01
  5.7000e-07,  1.9570e-02, -2.5177e-02,  3.1122e-01
  5.7100e-07,  1.9293e-02, -2.4305e-02,  3.1231e-01
  5.7200e-07,  1.9103e-02, -2.3407e-02,  3.1340e-01
  5.7300e-07,  1.9001e-02, -2.2489e-02,  3.1450e-01
  5.7400e-07,  1.8990e-02, -2.1561e-02,  3.1560e-01
  5.7500e-07,  1.9070e-02, -2.0632e-02,  3.1670e-01
  5.7600e-07,  1.9241e-02, -1.9709e-02,  3.1780e-01
  5.7700e-07,  1.9501e-02, -1.8803e-02,  3.1891e-01
  5.7800e-07,  1.9848e-02, -1.7921e-02,  3.2001e-01
  5.7900e-07,  2.0281e-02, -1.7072e-02,  3.2112e-01
  5.8000e-07,  2.0795e-02, -1.6263e-02,  3.2223e-01
  5.8100e-07,  2.1386e-02, -1.5502e-02,  3.2334e-01
  5.8200e-07,  2.2050e-02, -1.4797e-02,  3.2446e-01
  5.8300e-07,  2.2779e-02, -1.4154e-02,  3.2557e-01
  5.8400e-07,  2.3570e-02, -1.3578e-02,  3.2669e-01
  5.8500e-07,  2.4413e-02, -1.3077e-02,  3.2781e-01
  5.8600e-07,  2.5303e-02, -1.2653e-02,  3.2893e-01
  5.8700e-07,  2.6232e-02, -1.2312e-02,  3.3006e-01
  5.8800e-07,  2.7191e-02, -1.2057e-02,  3.3118e-01
  5.8900e-07,  2.8172e-02, -1.1890e-02,  3.3231e-01
  5.9000e-07,  2.9167e-02, -1.1813e-02,  3.3344e-01
  5.9100e-07,  3.0167e-02, -1.1826e-02,  3.3457e-01
  5.9200e-07,  3.1163e-02, -1.1931e-02,  3.3570e-01
  5.9300e-07,  3.2147e-02, -1.2125e-02,  3.3684e-01
  5.9400e-07,  3.3109e-02, -1.2408e-02,  3.3798e-01
  5.9500e-07,  3.4043e-02, -1.2777e-02,  3.3911e-01
  5.9600e-07,  3.4939e-02, -1.3229e-02,  3.4026e-01
  5.9700e-07,  3.5789e-02, -1.3760e-02,  3.4140e-01
  5.9800e-07,  3.6587e-02, -1.4366e-02,  3.4254e-01
  5.9900e-07,  3.7326e-02, -1.5040e-02,  3.4369e-01
  6.0000e-07,  3.7999e-02, -1.5777e-02,  3.4484e-01
  6.0100e-07,  3.8601e-02, -1.6570e-02,  3.4599e-01
  6.0200e-07,  3.9126e-02, -1.7412e-02,  3.4714e-01
  6.0300e-07,  3.9570e-02, -1.8296e-02,  3.4829e-01
  6.0400e-07,  3.9930e-02, -1.9214e-02,  3.4945e-01
  6.0500e-07,  4.0203e-02, -2.0158e-02,  3.5061e-01
  6.0600e-07,  4.0386e-02, -2.1118e-02,  3.5177e-01
  6.0700e-07,  4.0479e-02, -2.2087e-02,  3.5293e-01
  6.0800e-07,  4.0480e-02, -2.3056e-02,  3.5409e-01
  6.0900e-07,  4.0392e-02, -2.4015e-02,  3.5526e-01
  6.1000e-07,  4.0214e-02, -2.4957e-02,  3.5643e-01
  6.1100e-07,  3.9948e-02, -2.5873e-02,  3.5760e-01
  6.1200e-07,  3.9599e-02, -2.6755e-02,  3.5877e-01
  6.1300e-07,  3.9169e-02, -2.7595e-02,  3.5994e-01
  6.1400e-07,  3.8663e-02, -2.8385e-02,  3.6112e-01
  6.1500e-07,  3.8085e-02, -2.9118e-02,  3.6230e-01
  6.1600e-07,  3.7443e-02, -2.9788e-02,  3.6347e-01
  6.1700e-07,  3.6741e-02, -3.0389e-02,  3.6466e-01
  6.1800e-07,  3.5987e-02, -3.0915e-02,  3.6584e-01
  6.1900e-07,  3.5189e-02, -3.1362e-02,  3.6702e-01
  6.2000e-07,  3.4354e-02, -3.1726e-02,  3.6821e-01
  6.2100e-07,  3.3489e-02, -3.2004e-02,  3.6940e-01
  6.2200e-07,  3.2605e-02, -3.2193e-02,  3.7059e-01
  6.2300e-07,  3.1708e-02, -3.2291e-02,  3.7178e-01
  6.2400e-07,  3.0808e-02, -3.2299e-02,  3.7298e-01
  6.2500e-07,  2.9914e-02, -3.2217e-02,  3.7417e-01
  6.2600e-07,  2.9034e-02, -3.2044e-02,  3.7537e-01
  6.2700e-07,  2.8177e-02, -3.1783e-02,  3.7657e-01
  6.2800e-07,  2.7350e-02, -3.1437e-02,  3.7777e-01
  6.2900e-07,  2.6563e-02, -3.1009e-02,  3.7898e-01
  6.3000e-07,  2.5822e-02, -3.0502e-02,  3.8018e-01
  6.3100e-07,  2.5136e-02, -2.9923e-02,  3.8139e-01
  6.3200e-07,  2.4510e-02, -2.9275e-02,  3.8260e-01
  6.3300e-07,  2.3951e-02, -2.8566e-02,  3.8381e-01
  6.3400e-07,  2.3464e-02, -2.7803e-02,  3.8503e-01
  6.3500e-07,  2.3055e-02, -2.6991e-02,  3.8624e-01
  6.3600e-07,  2.2728e-02, -2.6139e-02,  3.8746e-01
  6.3700e-07,  2.2485e-02, -2.5256e-02,  3.8868e-01
  6.3800e-07,  2.2331e-02, -2.4348e-02,  3.8990e-01
  6.3900e-07,  2.2266e-02, -2.3425e-02,  3.9112e-01
  6.4000e-07,  2.2291e-02, -2.2496e-02,  3.9235e-01
  6.4100e-07,  2.2408e-02, -2.1568e-02,  3.9358e-01
  6.4200e-07,  2.2615e-02, -2.0651e-02,  3.9481e-01
  6.4300e-07,  2.2911e-02, -1.9754e-02,  3.9604e-01
  6.4400e-07,  2.3294e-02, -1.8884e-02,  3.9727e-01
  6.4500e-07,  2.3760e-02, -1.8050e-02,  3.9850e-01
  6.4600e-07,  2.4305e-02, -1.7260e-02,  3.9974e-01
  6.4700e-07,  2.4926e-02, -1.6521e-02,  4.0098e-01
  6.4800e-07,  2.5618e-02, -1.5840e-02,  4.0222e-01
  6.4900e-07,  2.6373e-02, -1.5224e-02,  4.0346e-01
  6.5000e-07,  2.7185e-02, -1.4678e-02,  4.0471e-01
  6.5100e-07,  2.8049e-02, -1.4207e-02,  4.0595e-01
  6.5200e-07,  2.8955e-02, -1.3817e-02,  4.0720e-01
  6.5300e-07,  2.9897e-02, -1.3510e-02,  4.0845e-01
  6.5400e-07,  3.0866e-02, -1.3290e-02,  4.0970e-01
  6.5500e-07,  3.1854e-02, -1.3160e-02,  4.1096e-01
  6.5600e-07,  3.2852e-02, -1.3119e-02,  4.1221e-01
  6.5700e-07,  3.3851e-02, -1.3170e-02,  4.1347e-01
  6.5800e-07,  3.4844e-02, -1.3311e-02,  4.1473e-01
  6.5900e-07,  3.5820e-02, -1.3541e-02,  4.1599e-01
  6.6000e-07,  3.6771e-02, -1.3860e-02,  4.1725e-01
  6.6100e-07,  3.7691e-02, -1.4263e-02,  4.1852e-01
  6.6200e-07,  3.8569e-02, -1.4747e-02,  4.1979e-01
  6.6300e-07,  3.9399e-02, -1.5309e-02,  4.2106e-01
  6.6400e-07,  4.0174e-02, -1.5943e-02,  4.2233e-01
  6.6500e-07,  4.0887e-02, -1.6643e-02,  4.2360e-01
  6.6600e-07,  4.1532e-02, -1.7404e-02,  4.2487e-01
  6.6700e-07,  4.2103e-02, -1.8218e-02,  4.2615e-01
  6.6800e-07,  4.2596e-02, -1.9078e-02,  4.2743e-01
  6.6900e-07,  4.3006e-02, -1.9977e-02,  4.2871e-01
  6.7000e-07,  4.3331e-02, -2.0906e-02,  4.2999e-01
  6.7100e-07,  4.3568e-02, -2.1858e-02,  4.3128e-01
  6.7200e-07,  4.3714e-02, -2.2822e-02,  4.3256e-01
  6.7300e-07,  4.3770e-02, -2.3792e-02,  4.3385e-01
  6.7400e-07,  4.3735e-02, -2.4758e-02,  4.3514e-01
  6.7500e-07,  4.3610e-02, -2.5712e-02,  4.3644e-01
  6.7600e-07,  4.3396e-02, -2.6644e-02,  4.3773e-01
  6.7700e-07,  4.3096e-02, -2.7547e-02,  4.3903e-01
  6.7800e-07,  4.2714e-02, -2.8413e-02,  4.4032e-01
  6.7900e-07,  4.2252e-02, -2.9233e-02,  4.4162e-01
  6.8000e-07,  4.1717e-02, -3.0001e-02,  4.4293e-01
  6.8100e-07,  4.1112e-02, -3.0710e-02,  4.4423e-01
  6.8200e-07,  4.0445e-02, -3.1352e-02,  4.4553e-01
  6.8300e-07,  3.9721e-02, -3.1923e-02,  4.4684e-01
  6.8400e-07,  3.8948e-02, -3.2418e-02,  4.4815e-01
  6.8500e-07,  3.8134e-02, -3.2832e-02,  4.4946e-01
  6.8600e-07,  3.7286e-02, -3.3161e-02,  4.5078e-01
  6.8700e-07,  3.6412e-02, -3.3403e-02,  4.5209e-01
  6.8800e-07,  3.5522e-02, -3.3555e-02,  4.5341e-01
  6.8900e-07,  3.4623e-02, -3.3617e-02,  4.5473e-01
  6.9000e-07,  3.3724e-02, -3.3589e-02,  4.5605e-01
  6.9100e-07,  3.2835e-02, -3.3469e-02,  4.5737e-01
  6.9200e-07,  3.1963e-02, -3.3261e-02,  4.5870e-01
  6.9300e-07,  3.1117e-02, -3.2965e-02,  4.6002e-01
  6.9400e-07,  3.0305e-02, -3.2585e-02,  4.6135e-01
  6.9500e-07,  2.9536e-02, -3.2124e-02,  4.6268e-01
  6.9600e-07,  2.8817e-02, -3.1588e-02,  4.6401e-01
  6.9700e-07,  2.8154e-02, -3.0980e-02,  4.6535e-01
  6.9800e-07,  2.7554e-02, -3.0307e-02,  4.6668e-01
  6.9900e-07,  2.7024e-02, -2.9575e-02,  4.6802e-01
  7.0000e-07,  2.6568e-02, -2.8791e-02,  4.6936e-01
  7.0100e-07,  2.6192e-02, -2.7962e-02,  4.7070e-01
  7.0200e-07,  2.5899e-02, -2.7096e-02,  4.7205e-01
  7.0300e-07,  2.5692e-02, -2.6202e-02,  4.7339e-01
  7.0400e-07,  2.5573e-02, -2.5287e-02,  4.7474e-01
  7.0500e-07,  2.5545e-02, -2.4361e-02,  4.7609e-01
  7.0600e-07,  2.5608e-02, -2.3431e-02,  4.7744e-01
  7.0700e-07,  2.5761e-02, -2.2507e-02,  4.7880e-01
  7.0800e-07,  2.6004e-02, -2.1597e-02,  4.8015e-01
  7.0900e-07,  2.6336e-02, -2.0709e-02,  4.8151e-01
  7.1000e-07,  2.6752e-02, -1.9853e-02,  4.8287e-01
  7.1100e-07,  2.7251e-02, -1.9036e-02,  4.8423e-01
  7.1200e-07,  2.7828e-02, -1.8266e-02,  4.8559e-01
  7.1300e-07,  2.8478e-02, -1.7550e-02,  4.8696e-01
  7.1400e-07,  2.9196e-02, -1.6894e-02,  4.8833e-01
  7.1500e-07,  2.9975e-02, -1.6306e-02,  4.8969e-01
  7.1600e-07,  3.0810e-02, -1.5790e-02,  4.9106e-01
  7.1700e-07,  3.1691e-02, -1.5351e-02,  4.9244e-01
  7.1800e-07,  3.2613e-02, -1.4994e-02,  4.9381e-01
  7.1900e-07,  3.3567e-02, -1.4722e-02,  4.9519e-01
  7.2000e-07,  3.4545e-02, -1.4538e-02,  4.9657e-01
  7.2100e-07,  3.5538e-02, -1.4444e-02,  4.9795e-01
  7.2200e-07,  3.6537e-02, -1.4440e-02,  4.9933e-01
  7.2300e-07,  3.7535e-02, -1.4528e-02,  5.0071e-01
  7.2400e-07,  3.8521e-02, -1.4705e-02,  5.0210e-01
  7.2500e-07,  3.9489e-02, -1.4972e-02,  5.0349e-01
  7.2600e-07,  4.0428e-02, -1.5325e-02,  5.0488e-01
  7.2700e-07,  4.1332e-02, -1.5762e-02,  5.0627e-01
  7.2800e-07,  4.2192e-02, -1.6278e-02,  5.0766e-01
  7.2900e-07,  4.3000e-02, -1.6870e-02,  5.0906e-01
  7.3000e-07,  4.3751e-02, -1.7531e-02,  5.1046e-01
  7.3100e-07,  4.4437e-02, -1.8257e-02,  5.1186e-01
  7.3200e-07,  4.5052e-02, -1.9040e-02,  5.1326e-01
  7.3300e-07,  4.5592e-02, -1.9873e-02,  5.1466e-01
  7.3400e-07,  4.6052e-02, -2.0750e-02,  5.1607e-01
  7.3500e-07,  4.6428e-02, -2.1662e-02,  5.1747e-01
  7.3600e-07,  4.6717e-02, -2.2602e-02,  5.1888e-01
  7.3700e-07,  4.6918e-02, -2.3560e-02,  5.2029e-01
  7.3800e-07,  4.7028e-02, -2.4527e-02,  5.2171e-01
  7.3900e-07,  4.7046e-02, -2.5497e-02,  5.2312e-01
  7.4000e-07,  4.6975e-02, -2.6459e-02,  5.2454e-01
  7.4100e-07,  4.6813e-02, -2.7405e-02,  5.2596e-01
  7.4200e-07,  4.6564e-02, -2.8326e-02,  5.2738e-01
  7.4300e-07,  4.6231e-02, -2.9215e-02,  5.2880e-01
  7.4400e-07,  4.5816e-02, -3.0064e-02,  5.3022e-01
  7.4500e-07,  4.5323e-02, -3.0863e-02,  5.3165e-01
  7.4600e-07,  4.4759e-02, -3.1608e-02,  5.3308e-01
  7.4700e-07,  4.4128e-02, -3.2290e-02,  5.3451e-01
  7.4800e-07,  4.3437e-02, -3.2905e-02,  5.3594e-01
  7.4900e-07,  4.2693e-02, -3.3445e-02,  5.3737e-01
  7.5000e-07,  4.1902e-02, -3.3908e-02,  5.3881e-01
  7.5100e-07,  4.1073e-02, -3.4287e-02,  5.4025e-01
  7.5200e-07,  4.0214e-02, -3.4582e-02,  5.4169e-01
  7.5300e-07,  3.9333e-02, -3.4787e-02,  5.4313e-01
  7.5400e-07,  3.8438e-02, -3.4903e-02,  5.4457e-01
  7.5500e-07,  3.7538e-02, -3.4929e-02,  5.4602e-01
  7.5600e-07,  3.6642e-02, -3.4863e-02,  5.4746e-01
  7.5700e-07,  3.5758e-02, -3.4707e-02,  5.4891e-01
  7.5800e-07,  3.4896e-02, -3.4463e-02,  5.5037e-01
  7.5900e-07,  3.4063e-02, -3.4133e-02,  5.5182e-01
  7.6000e-07,  3.3268e-02, -3.3719e-02,  5.5327e-01
  7.6100e-07,  3.2518e-02, -3.3227e-02,  5.5473e-01
  7.6200e-07,  3.1820e-02, -3.2661e-02,  5.5619e-01
  7.6300e-07,  3.1182e-02, -3.2026e-02,  5.5765e-01
  7.6400e-07,  3.0610e-02, -3.1329e-02,  5.5911e-01
  7.6500e-07,  3.0110e-02, -3.0575e-02,  5.6058e-01
  7.6600e-07,  2.9686e-02, -2.9771e-02,  5.6204e-01
  7.6700e-07,  2.9342e-02, -2.8927e-02,  5.6351e-01
  7.6800e-07,  2.9084e-02, -2.8049e-02,  5.6498e-01
  7.6900e-07,  2.8912e-02, -2.7145e-02,  5.6645e-01
  7.7000e-07,  2.8830e-02, -2.6224e-02,  5.6793e-01
  7.7100e-07,  2.8839e-02, -2.5295e-02,  5.6941e-01
  7.7200e-07,  2.8939e-02, -2.4367e-02,  5.7088e-01
  7.7300e-07,  2.9129e-02, -2.3447e-02,  5.7236e-01
  7.7400e-07,  2.9408e-02, -2.2546e-02,  5.7384e-01
  7.7500e-07,  2.9774e-02, -2.1670e-02,  5.7533e-01
  7.7600e-07,  3.0225e-02, -2.0829e-02,  5.7681e-01
  7.7700e-07,  3.0756e-02, -2.0030e-02,  5.7830e-01
  7.7800e-07,  3.1363e-02, -1.9280e-02,  5.7979e-01
  7.7900e-07,  3.2041e-02, -1.8588e-02,  5.8128e-01
  7.8000e-07,  3.2785e-02, -1.7959e-02,  5.8278e-01
  7.8100e-07,  3.3587e-02, -1.7399e-02,  5.8427e-01
  7.8200e-07,  3.4441e-02, -1.6914e-02,  5.8577e-01
  7.8300e-07,  3.5341e-02, -1.6508e-02,  5.8727e-01
  7.8400e-07,  3.6276e-02, -1.6185e-02,  5.8877e-01
  7.8500e-07,  3.7241e-02, -1.5949e-02,  5.9027e-01
  7.8600e-07,  3.8226e-02, -1.5801e-02,  5.9178e-01
  7.8700e-07,  3.9222e-02, -1.5744e-02,  5.9328e-01
  7.8800e-07,  4.0222e-02, -1.5777e-02,  5.9479e-01
  7.8900e-07,  4.1216e-02, -1.5901e-02,  5.9630e-01
  7.9000e-07,  4.2196e-02, -1.6115e-02,  5.9781e-01
  7.9100e-07,  4.3153e-02, -1.6417e-02,  5.9933e-01
  7.9200e-07,  4.4079e-02, -1.6804e-02,  6.0085e-01
  7.9300e-07,  4.4966e-02, -1.7274e-02,  6.0236e-01
  7.9400e-07,  4.5806e-02, -1.7821e-02,  6.0388e-01
  7.9500e-07,  4.6592e-02, -1.8442e-02,  6.0541e-01
  7.9600e-07,  4.7317e-02, -1.9130e-02,  6.0693e-01
  7.9700e-07,  4.7975e-02, -1.9879e-02,  6.0846e-01
  7.9800e-07,  4.8560e-02, -2.0684e-02,  6.0998e-01
  7.9900e-07,  4.9068e-02, -2.1536e-02,  6.1151e-01
  8.0000e-07,  4.9495e-02, -2.2428e-02,  6.1305e-01
  8.0100e-07,  4.9836e-02, -2.3352e-02,  6.1458e-01
  8.0200e-07,  5.0089e-02, -2.4300e-02,  6.1611e-01
  8.0300e-07,  5.0253e-02, -2.5263e-02,  6.1765e-01
  8.0400e-07,  5.0326e-02, -2.6233e-02,  6.1919e-01
  8.0500e-07,  5.0308e-02, -2.7200e-02,  6.2073e-01
  8.0600e-07,  5.0200e-02, -2.8157e-02,  6.2228e-01
  8.0700e-07,  5.0003e-02, -2.9094e-02,  6.2382e-01
  8.0800e-07,  4.9719e-02, -3.0003e-02,  6.2537e-01
  8.0900e-07,  4.9352e-02, -3.0876e-02,  6.2692e-01
  8.1000e-07,  4.8905e-02, -3.1706e-02,  6.2847e-01
  8.1100e-07,  4.8383e-02, -3.2484e-02,  6.3002e-01
  8.1200e-07,  4.7791e-02, -3.3204e-02,  6.3157e-01
  8.1300e-07,  4.7135e-02, -3.3860e-02,  6.3313e-01
  8.1400e-07,  4.6421e-02, -3.4445e-02,  6.3469e-01
  8.1500e-07,  4.5657e-02, -3.4954e-02,  6.3625e-01
  8.1600e-07,  4.4850e-02, -3.5384e-02,  6.3781e-01
  8.1700e-07,  4.4008e-02, -3.5729e-02,  6.3938e-01
  8.1800e-07,  4.3138e-02, -3.5988e-02,  6.4094e-01
  8.1900e-07,  4.2251e-02, -3.6157e-02,  6.4251e-01
  8.2000e-07,  4.1353e-02, -3.6237e-02,  6.4408e-01
  8.2100e-07,  4.0453e-02, -3.6225e-02,  6.4565e-01
  8.2200e-07,  3.9561e-02, -3.6122e-02,  6.4723e-01
  8.2300e-07,  3.8685e-02, -3.5931e-02,  6.4880e-01
  8.2400e-07,  3.7834e-02, -3.5651e-02,  6.5038e-01
  8.2500e-07,  3.7015e-02, -3.5287e-02,  6.5196e-01
  8.2600e-07,  3.6237e-02, -3.4841e-02,  6.5354e-01
  8.2700e-07,  3.5508e-02, -3.4318e-02,  6.5512e-01
  8.2800e-07,  3.4834e-02, -3.3724e-02,  6.5671e-01
  8.2900e-07,  3.4222e-02, -3.3062e-02,  6.5830e-01
  8.3000e-07,  3.3678e-02, -3.2341e-02,  6.5989e-01
  8.3100e-07,  3.3208e-02, -3.1566e-02,  6.6148e-01
  8.3200e-07,  3.2816e-02, -3.0745e-02,  6.6307e-01
  8.3300e-07,  3.2507e-02, -2.9886e-02,  6.6466e-01
  8.3400e-07,  3.2283e-02, -2.8997e-02,  6.6626e-01
  8.3500e-07,  3.2148e-02, -2.8085e-02,  6.6786e-01
  8.3600e-07,  3.2103e-02, -2.7160e-02,  6.6946e-01
  8.3700e-07,  3.2148e-02, -2.6230e-02,  6.7106e-01
  8.3800e-07,  3.2284e-02, -2.5304e-02,  6.7267e-01
  8.3900e-07,  3.2511e-02, -2.4391e-02,  6.7427e-01
  8.4000e-07,  3.2826e-02, -2.3499e-02,  6.7588e-01
  8.4100e-07,  3.3227e-02, -2.2636e-02,  6.7749e-01
  8.4200e-07,  3.3710e-02, -2.1811e-02,  6.7910e-01
  8.4300e-07,  3.4273e-02, -2.1031e-02,  6.8072e-01
  8.4400e-07,  3.4910e-02, -2.0304e-02,  6.8233e-01
  8.4500e-07,  3.5615e-02, -1.9637e-02,  6.8395e-01
  8.4600e-07,  3.6383e-02, -1.9035e-02,  6.8557e-01
  8.4700e-07,  3.7207e-02, -1.8505e-02,  6.8719e-01
  8.4800e-07,  3.8081e-02, -1.8052e-02,  6.8882e-01
  8.4900e-07,  3.8996e-02, -1.7679e-02,  6.9044e-01
  8.5000e-07,  3.9944e-02, -1.7391e-02,  6.9207e-01
  8.5100e-07,  4.0918e-02, -1.7190e-02,  6.9370e-01
  8.5200e-07,  4.1909e-02, -1.7079e-02,  6.9533e-01
  8.5300e-07,  4.2908e-02, -1.7058e-02,  6.9696e-01
  8.5400e-07,  4.3906e-02, -1.7128e-02,  6.9860e-01
  8.5500e-07,  4.4896e-02, -1.7289e-02,  7.0024e-01
  8.5600e-07,  4.5867e-02, -1.7539e-02,  7.0188e-01
  8.5700e-07,  4.6813e-02, -1.7876e-02,  7.0352e-01
  8.5800e-07,  4.7724e-02, -1.8297e-02,  7.0516e-01
  8.5900e-07,  4.8592e-02, -1.8798e-02,  7.0680e-01
  8.6000e-07,  4.9411e-02, -1.9376e-02,  7.0845e-01
  8.6100e-07,  5.0173e-02, -2.0025e-02,  7.1010e-01
  8.6200e-07,  5.0872e-02, -2.0739e-02,  7.1175e-01
  8.6300e-07,  5.1501e-02, -2.1511e-02,  7.1340e-01
  8.6400e-07,  5.2056e-02, -2.2336e-02,  7.1506e-01
  8.6500e-07,  5.2531e-02, -2.3205e-02,  7.1671e-01
  8.6600e-07,  5.2923e-02, -2.4111e-02,  7.1837e-01
  8.6700e-07,  5.3229e-02, -2.5046e-02,  7.2003e-01
  8.6800e-07,  5.3446e-02, -2.6001e-02,  7.2169e-01
  8.6900e-07,  5.3573e-02, -2.6968e-02,  7.2336e-01
  8.7000e-07,  5.3609e-02, -2.7938e-02,  7.2502e-01
  8.7100e-07,  5.3555e-02, -2.8902e-02,  7.2669e-01
  8.7200e-07,  5.3410e-02, -2.9851e-02,  7.2836e-01
  8.7300e-07,  5.3178e-02, -3.0778e-02,  7.3003e-01
  8.7400e-07,  5.2860e-02, -3.1674e-02,  7.3170e-01
  8.7500e-07,  5.2460e-02, -3.2530e-02,  7.3338e-01
  8.7600e-07,  5.1982e-02, -3.3340e-02,  7.3506e-01
  8.7700e-07,  5.1431e-02, -3.4095e-02,  7.3674e-01
  8.7800e-07,  5.0812e-02, -3.4790e-02,  7.3842e-01
  8.7900e-07,  5.0132e-02, -3.5418e-02,  7.4010e-01
  8.8000e-07,  4.9397e-02, -3.5973e-02,  7.4178e-01
  8.8100e-07,  4.8615e-02, -3.6450e-02,  7.4347e-01
  8.8200e-07,  4.7792e-02, -3.6846e-02,  7.4516e-01
  8.8300e-07,  4.6938e-02, -3.7156e-02,  7.4685e-01
  8.8400e-07,  4.6060e-02, -3.7379e-02,  7.4854e-01
  8.8500e-07,  4.5167e-02, -3.7512e-02,  7.5024e-01
  8.8600e-07,  4.4267e-02, -3.7555e-02,  7.5193e-01
  8.8700e-07,  4.3370e-02, -3.7506e-02,  7.5363e-01
  8.8800e-07,  4.2483e-02, -3.7367e-02,  7.5533e-01
  8.8900e-07,  4.1616e-02, -3.7139e-02,  7.5704e-01
  8.9000e-07,  4.0777e-02, -3.6825e-02,  7.5874e-01
  8.9100e-07,  3.9974e-02, -3.6427e-02,  7.6045e-01
  8.9200e-07,  3.9215e-02, -3.5950e-02,  7.6215e-01
  8.9300e-07,  3.8507e-02, -3.5398e-02,  7.6386e-01
  8.9400e-07,  3.7858e-02, -3.4775e-02,  7.6557e-01
  8.9500e-07,  3.7273e-02, -3.4089e-02,  7.6729e-01
  8.9600e-07,  3.6758e-02, -3.3345e-02,  7.6900e-01
  8.9700e-07,  3.6319e-02, -3.2550e-02,  7.7072e-01
  8.9800e-07,  3.5960e-02, -3.1713e-02,  7.7244e-01
  8.9900e-07,  3.5686e-02, -3.0841e-02,  7.7416e-01
  9.0000e-07,  3.5497e-02, -2.9941e-02,  7.7589e-01
  9.0100e-07,  3.5398e-02, -2.9023e-02,  7.7761e-01
  9.0200e-07,  3.5390e-02, -2.8095e-02,  7.7934e-01
  9.0300e-07,  3.5472e-02, -2.7166e-02,  7.8107e-01
  9.0400e-07,  3.5645e-02, -2.6244e-02,  7.8280e-01
  9.0500e-07,  3.5908e-02, -2.5338e-02,  7.8453e-01
  9.0600e-07,  3.6258e-02, -2.4457e-02,  7.8627e-01
  9.0700e-07,  3.6693e-02, -2.3608e-02,  7.8800e-01
  9.0800e-07,  3.7209e-02, -2.2801e-02,  7.8974e-01
  9.0900e-07,  3.7802e-02, -2.2042e-02,  7.9148e-01
  9.1000e-07,  3.8467e-02, -2.1338e-02,  7.9322e-01
  9.1100e-07,  3.9199e-02, -2.0697e-02,  7.9497e-01
  9.1200e-07,  3.9991e-02, -2.0123e-02,  7.9671e-01
  9.1300e-07,  4.0836e-02, -1.9624e-02,  7.9846e-01
  9.1400e-07,  4.1727e-02, -1.9202e-02,  8.0021e-01
  9.1500e-07,  4.2656e-02, -1.8864e-02,  8.0196e-01
  9.1600e-07,  4.3616e-02, -1.8611e-02,  8.0372e-01
  9.1700e-07,  4.4598e-02, -1.8446e-02,  8.0547e-01
  9.1800e-07,  4.5593e-02, -1.8371e-02,  8.0723e-01
  9.1900e-07,  4.6593e-02, -1.8387e-02,  8.0899e-01
  9.2000e-07,  4.7589e-02, -1.8494e-02,  8.1075e-01
  9.2100e-07,  4.8572e-02, -1.8691e-02,  8.1252e-01
  9.2200e-07,  4.9534e-02, -1.8977e-02,  8.1428e-01
  9.2300e-07,  5.0466e-02, -1.9348e-02,  8.1605e-01
  9.2400e-07,  5.1361e-02, -1.9802e-02,  8.1782e-01
  9.2500e-07,  5.2210e-02, -2.0336e-02,  8.1959e-01
  9.2600e-07,  5.3007e-02, -2.0943e-02,  8.2136e-01
  9.2700e-07,  5.3744e-02, -2.1619e-02,  8.2314e-01
  9.2800e-07,  5.4415e-02, -2.2357e-02,  8.2491e-01
  9.2900e-07,  5.5015e-02, -2.3152e-02,  8.2669e-01
  9.3000e-07,  5.5538e-02, -2.3996e-02,  8.2847e-01
  9.3100e-07,  5.5980e-02, -2.4881e-02,  8.3026e-01
  9.3200e-07,  5.6337e-02, -2.5799e-02,  8.3204e-01
  9.3300e-07,  5.6608e-02, -2.6743e-02,  8.3383e-01
  9.3400e-07,  5.6788e-02, -2.7704e-02,  8.3562e-01
  9.3500e-07,  5.6878e-02, -2.8673e-02,  8.3741e-01
  9.3600e-07,  5.6878e-02, -2.9642e-02,  8.3920e-01
  9.3700e-07,  5.6786e-02, -3.0601e-02,  8.4099e-01
  9.3800e-07,  5.6606e-02, -3.1542e-02,  8.4279e-01
  9.3900e-07,  5.6338e-02, -3.2458e-02,  8.4459e-01
  9.4000e-07,  5.5987e-02, -3.3338e-02,  8.4639e-01
  9.4100e-07,  5.5555e-02, -3.4177e-02,  8.4819e-01
  9.4200e-07,  5.5046e-02, -3.4965e-02,  8.4999e-01
  9.4300e-07,  5.4467e-02, -3.5697e-02,  8.5180e-01
  9.4400e-07,  5.3823e-02, -3.6365e-02,  8.5360e-01
  9.4500e-07,  5.3120e-02, -3.6964e-02,  8.5541e-01
  9.4600e-07,  5.2365e-02, -3.7488e-02,  8.5723e-01
  9.4700e-07,  5.1565e-02, -3.7933e-02,  8.5904e-01
  9.4800e-07,  5.0729e-02, -3.8294e-02,  8.6085e-01
  9.4900e-07,  4.9864e-02, -3.8569e-02,  8.6267e-01
  9.5000e-07,  4.8979e-02, -3.8756e-02,  8.6449e-01
  9.5100e-07,  4.8082e-02, -3.8852e-02,  8.6631e-01
  9.5200e-07,  4.7182e-02, -3.8858e-02,  8.6813e-01
  9.5300e-07,  4.6288e-02, -3.8772e-02,  8.6996e-01
  9.5400e-07,  4.5409e-02, -3.8597e-02,  8.7178e-01
  9.5500e-07,  4.4552e-02, -3.8334e-02,  8.7361e-01
  9.5600e-07,  4.3727e-02, -3.7986e-02,  8.7544e-01
  9.5700e-07,  4.2941e-02, -3.7555e-02,  8.7728e-01
  9.5800e-07,  4.2201e-02, -3.7047e-02,  8.7911e-01
  9.5900e-07,  4.1516e-02, -3.6465e-02,  8.8095e-01
  9.6000e-07,  4.0892e-02, -3.5816e-02,  8.8279e-01
  9.6100e-07,  4.0335e-02, -3.5106e-02,  8.8463e-01
  9.6200e-07,  3.9850e-02, -3.4340e-02,  8.8647e-01
  9.6300e-07,  3.9444e-02, -3.3528e-02,  8.8831e-01
  9.6400e-07,  3.9118e-02, -3.2675e-02,  8.9016e-01
  9.6500e-07,  3.8878e-02, -3.1790e-02,  8.9200e-01
  9.6600e-07,  3.8726e-02, -3.0882e-02,  8.9385e-01
  9.6700e-07,  3.8664e-02, -2.9959e-02,  8.9571e-01
  9.6800e-07,  3.8692e-02, -2.9030e-02,  8.9756e-01
  9.6900e-07,  3.8811e-02, -2.8102e-02,  8.9942e-01
  9.7000e-07,  3.9021e-02, -2.7186e-02,  9.0127e-01
  9.7100e-07,  3.9319e-02, -2.6289e-02,  9.0313e-01
  9.7200e-07,  3.9704e-02, -2.5420e-02,  9.0499e-01
  9.7300e-07,  4.0172e-02, -2.4588e-02,  9.0686e-01
  9.7400e-07,  4.0720e-02, -2.3799e-02,  9.0872e-01
  9.7500e-07,  4.1343e-02, -2.3061e-02,  9.1059e-01
  9.7600e-07,  4.2036e-02, -2.2382e-02,  9.1246e-01
  9.7700e-07,  4.2793e-02, -2.1767e-02,  9.1433e-01
  9.7800e-07,  4.3607e-02, -2.1223e-02,  9.1620e-01
  9.7900e-07,  4.4472e-02, -2.0755e-02,  9.1807e-01
  9.8000e-07,  4.5379e-02, -2.0367e-02,  9.1995e-01
  9.8100e-07,  4.6322e-02, -2.0062e-02,  9.2183e-01
  9.8200e-07,  4.7292e-02, -1.9845e-02,  9.2371e-01
  9.8300e-07,  4.8280e-02, -1.9717e-02,  9.2559e-01
  9.8400e-07,  4.9278e-02, -1.9679e-02,  9.2748e-01
  9.8500e-07,  5.0277e-02, -1.9732e-02,  9.2936e-01
  9.8600e-07,  5.1269e-02, -1.9875e-02,  9.3125e-01
  9.8700e-07,  5.2245e-02, -2.0108e-02,  9.3314e-01
  9.8800e-07,  5.3196e-02, -2.0429e-02,  9.3503e-01
  9.8900e-07,  5.4114e-02, -2.0835e-02,  9.3693e-01
  9.9000e-07,  5.4991e-02, -2.1321e-02,  9.3882e-01
  9.9100e-07,  5.5820e-02, -2.1885e-02,  9.4072e-01
  9.9200e-07,  5.6593e-02, -2.2521e-02,  9.4262e-01
  9.9300e-07,  5.7304e-02, -2.3223e-02,  9.4452e-01
  9.9400e-07,  5.7947e-02, -2.3985e-02,  9.4642e-01
  9.9500e-07,  5.8516e-02, -2.4800e-02,  9.4833e-01
  9.9600e-07,  5.9007e-02, -2.5662e-02,  9.5024e-01
  9.9700e-07,  5.9415e-02, -2.6561e-02,  9.5214e-01
  9.9800e-07,  5.9737e-02, -2.7491e-02,  9.5406e-01
  9.9900e-07,  5.9971e-02, -2.8443e-02,  9.5597e-01
